Temporary Crop,Number of Holdings.1,Area (ha.),Permanent crop type,Total holdings reporting,Compact plantation area (ha),Compact plantation Number of scattered trees,Productive age,Non-productive age,Productive age.1,Non-productive age.1,No. of holdings,Area (ha),Number of trees,Area_ha,prov,dist,Area_Name,Total_Households,total,Male,Female,absnt_cntry_hhld,absnt_cntry_tot,absnt_cntry_male,absnt_cntry_feml,absnt_abrd_hhld,absnt_abrd_tot,absnt_abrd_male,absnt_abrd_feml,Domain Value,Analytical Domain,Yes,No,Don't Know,River,Length(km),River Attribute,Value,District/Zone/Region,Total Population (2011),Total Area (Km2),Total Road Length (Km.),Population Influenced per Km. Road (Nos.),Road Density (Km/100,locations,Altitude in masl,Average Annual Rainfall(in mm),S.N.,Glacier Lake,Location /District,Altitude (m.),Area (sq.m.),Year,Number of People Dead,Number of People Injured,Number of Livestock Loss,Number of House Destroyed,Number of Affected Family,Land Affected (Ha.),Estimated Loss (Million NRs.),Disaster type,No. of death,No. of persons missing,No. of persons injured,No. of houses damaged or destroyed,No of affected families,No. of incidents,Year.1,Flood & Landslides,Earthquake,"Windstorms, Hailstorm & Thunderbolt",Avalanche,Fire,Epidemic,Stampede,Total.1,S.N..1,District,Total Lake,<100m,100-499 m,500- 1999m,2000-2999m,3000-4999m,> 5000m,Region.1,Station,Date of Establishment,Meterological Station Lat(N),Meterological Station Long(E),Meterological Station Altitude(in masl),Hydrological Station Lat(N),Hydrological Station Long.(E),Hydrological Station Altitude(in masl),Catchment(sq km),River Basin,Glacier Covered(in percentage),Source,Type of hydrological station,Type of meterological station,Remarks,district,district_matched,district_matched_second_round,district_matched_count,district_matched_second_round_count
Early paddy,261873.0,71585.8,Orange,363359.0,6545.3,85874.0,4055.2,2581644.0,54507.0,2490.1,2238666.0,879882.0,888446.0,10,0,0,Nepal,6666937,29164578,14253551,14911027,889522,2267236,1294935,972301,1555961,2190592,1799675,390917,Urban,Municipality,89.5,7.6,2.9,Mahakali,223.0,Drainage Area (kmÂ²) - Total,15260.0,Km2),269698.5,1697.5,173.62,1394.5,11.0,Pokhara,0-1000,3000 and above,1.0,Lower Barun,Sankhuwasabha,4550.0,143249.0,1983-01-01,579.0,220.0,248.0,12.0,18432.5,,240.0,Epidemic,16564.0,0.0,43076.0,0.0,512970.0,3448.0,1983-01-01,293.0,0.0,42.5,0.0,69.0,217.0,0.0,579.0,1.0,Taplejung,380.0,0.0,0.0,0.0,2.0,297.0,81.0,MAKALU,Tashigaon,,"27  37 00""","87  16 00""",2100.0,-,-,-,-,-,-,-,Semiautomatic,-,-,nepal,,kabhrepalanchok,78,80
Main paddy,2680955.0,1130360.5,Junar,34806.0,251.5,5730.0,153.1,83690.0,2644.0,98.4,288813.0,53718.0,44494.0,21,0,0,Urban Munipalities,4479662,19296788,9454545,9842243,507033,1183202,691644,491558,1044566,1468517,1186980,281537,Rural,Municipality,84.1,11.7,4.2,Karnali,507.0,Drainage Area (kmÂ²) - Total,44000.0,Taplejung,128547.0,3646.0,68.5,1877.0,2.0,Kaski,0-1000,3000 and above,2.0,Lumding Tsho,Solukhumbu,4846.0,104943.0,1984-01-01,941.0,220.0,3547.0,10597.0,18432.5,1242.0,49.0,Earthquake,9771.0,0.0,29142.0,982855.0,890995.0,175.0,1984-01-01,363.0,0.0,42.5,0.0,57.0,521.0,0.0,941.0,2.0,Panchthar,17.0,0.0,0.0,2.0,8.0,7.0,0.0,MAKALU,Barun Dovan,,-,-,-,27  4400,87  11 00,2000.0,240.0,Barun,-,Lower Barun Glacier,Staff gauge,Raingauge,-,urban munipalities,,,78,80
Upland paddy,86572.0,14441.4,Lemon,500552.0,2806.9,53129.0,1287.5,805718.0,35998.0,1519.4,1504232.0,665740.0,782471.0,22,0,0,Rural Municipalities,2187275,9867790,4799006,5068784,382489,1084034,603291,480743,511395,722075,612695,109380,Mountain,Ecological Zone,82.4,11.4,6.3,Babai,190.0,Drainage Area (kmÂ²) - Total,3400.0,Panchthar,198362.0,1241.0,220.86,898.0,18.0,Khudibazar,0-1000,3000 and above,3.0,Dig Tsho,-,4364.0,143249.0,1985-01-01,1387.0,220.0,3399.0,7166.0,18432.5,1355.0,23.0,Landslide,4832.0,165.0,1727.0,32819.0,556774.0,3012.0,1985-01-01,420.0,0.0,42.5,0.0,52.0,915.0,0.0,1387.0,3.0,Ilam,30.0,0.0,14.0,14.0,1.0,1.0,0.0,KHUMBU,Dingboche,,"27 53 20""","86  49 50""",4355.0,"27  53 40""","86  5640""",4375.0,135.0,Imja,27.0,Imja glacier,Recorder,Semiautomatic,-,rural municipalities,,,78,80
Wheat,2049091.0,654194.3,Lime,115538.0,152.3,9018.0,116.8,49366.0,2867.0,35.5,62766.0,144534.0,71713.0,31,0,0,Mountain,409799,1772948,874260,898688,93357,266719,148488,118231,66981,116060,81811,34249,Hill,Ecological Zone,86.0,11.4,2.6,West Rapti,257.0,Drainage Area (kmÂ²) - Total,6500.0,Ilam,295824.0,1703.0,250.95,1179.0,15.0,Lamjung,0-1000,3000 and above,4.0,Imja Tsho,-,5023.0,48811.0,1986-01-01,1512.0,220.0,6566.0,3370.0,18432.5,1315.0,23.0,Flood,4344.0,6.0,527.0,215427.0,3702942.0,3720.0,1986-01-01,315.0,0.0,42.5,0.0,96.0,1101.0,0.0,1512.0,4.0,Jhapa,136.0,59.0,78.0,0.0,0.0,0.0,0.0,KHUMBU,Pangboche,,-,-,-,-,-,-,-,-,-,khumbu Glacier,-,raingauge,-,mountain,,,78,80
Spring/winter maize,578347.0,133695.6,Sweet Orange,55904.0,186.0,8461.0,138.9,106123.0,2733.0,47.2,93414.0,103142.0,78315.0,32,0,0,Hill,2949056,11757624,5717247,6040377,508447,1399384,771607,627777,691979,990723,787722,203001,Terai,Ecological Zone,89.4,6.9,3.8,Narayani,332.0,Drainage Area (kmÂ²) - Total,34960.0,Jhapa,810636.0,1606.0,196.6,4123.0,12.0,Mahendranagar,0-1000,1000-2000,5.0,Tam Pokhari,-,4431.0,138846.0,1987-01-01,881.0,162.0,1852.0,36220.0,97036.0,18858.0,2005.0,Fire,1541.0,0.0,1379.0,83527.0,256445.0,7187.0,1987-01-01,391.0,0.0,2.0,0.0,62.0,426.0,0.0,881.0,5.0,Morang,184.0,123.0,60.0,1.0,0.0,0.0,0.0,KHUMBU,Imja lake,,27 59 N,86  56 E,5000.0,-,-,-,-,Imja,-,Imja glacier,RLS(Radar Level Sensor) in lake,AWS,-,hill,,,78,80
Summer maize,2046127.0,414181.9,Other Citrus,158593.0,275.7,11690.0,203.9,81311.0,4085.0,71.8,58768.0,230995.0,128018.0,33,0,0,Tarai,3308082,15634006,7662044,7971962,287718,601133,374840,226293,797001,1083809,930142,153667,Koshi-Mountain,Province-ecological zone,74.1,12.5,13.3,Bagmati,163.0,Drainage Area (kmÂ²) - Total,3700.0,Morang,964709.0,1855.0,216.22,4462.0,12.0,Kanchanpur,0-1000,1000-2000,6.0,Dudh Pokhari,-,4760.0,274296.0,1988-01-01,1584.0,12538.0,2788.0,108801.0,70197.0,,6099.0,Thunderbolt,1502.0,129.0,2444.0,952.0,6880.0,1505.0,1988-01-01,328.0,721.0,42.5,14.0,23.0,427.0,71.0,1584.0,6.0,Sunsari,69.0,41.0,28.0,0.0,0.0,0.0,0.0,KHUMBU,Sangboche,,"27 48 53.8""","86  42 48""",3832.0,-,-,-,-,-,-,-,-,AWS,-,tarai,mahottari,mahottari,78,80
Green maize,112424.0,12031.8,Mango,1228104.0,19781.7,224095.0,16905.7,3208049.0,66527.0,2875.9,929646.0,2422708.0,1305599.0,40,1,0,Province-1,1191556,4961412,2417328,2544084,153603,347361,193634,153727,269892,343034,286631,56403,Koshi-Hill,Province-ecological zone,90.6,7.2,2.2,Sapkoshi,513.0,Drainage Area (kmÂ²) - Total,60400.0,Sunsari,751125.0,1257.0,193.83,3875.0,15.0,Nepalganj,0-1000,1000-2000,7.0,Unnamed 1,-,5266.0,133752.0,1989-01-01,1716.0,3014.0,4240.0,7648.0,18432.5,,4172.0,Cold wave,515.0,0.0,83.0,0.0,2393.0,390.0,1989-01-01,680.0,0.0,28.0,20.0,109.0,879.0,0.0,1716.0,7.0,Dhankuta,4.0,0.0,0.0,4.0,0.0,0.0,0.0,KHUMBU,Gokyo,,"27 57 9.4""","86  41 55""",4800.0,-,-,-,-,-,-,-,-,AWS,Closed,province-1,,,78,80
Millet,869100.0,122113.5,Banana,710693.0,7898.2,150641.0,5908.5,7326919.0,66751.0,1989.7,3071603.0,2779386.0,2565545.0,40,2,0,Madhesh,1156715,6114600,3065751,3048849,76680,188548,120693,67855,252015,304286,292427,11859,Koshi-Terai,Province-ecological zone,93.3,4.7,2.0,Kankai,108.0,Drainage Area (kmÂ²) - Total,1330.0,Dhankuta,164133.0,891.0,134.68,1219.0,15.0,Banke,0-1000,1000-2000,8.0,Unnamed 2,-,5056.0,112398.0,1990-01-01,913.0,196.0,867.0,6352.0,8462.0,1132.0,139.0,Snow storm,87.0,7.0,0.0,0.0,0.0,5.0,1990-01-01,307.0,0.0,57.0,0.0,46.0,503.0,0.0,913.0,8.0,Terathum,4.0,0.0,0.0,2.0,2.0,0.0,0.0,KHUMBU,Phanka,,-,-,-,"27  54 53""","86  43 65""",4450.0,-,-,-,-,-,RLS,Closed,madhesh,,,78,80
Barley/naked barley,296820.0,23270.8,Guava,449161.0,364.2,26466.0,282.1,139001.0,6895.0,82.1,111365.0,730494.0,250151.0,40,3,0,Bagmati,1570927,6116866,3048684,3068182,235374,713688,389907,323781,283228,397930,280120,117810,Madhesh-Terai,Province-ecological zone,93.5,4.3,2.2,Other River,240.0,Drainage Area (kmÂ²) - Total,24921.0,Terhathum,101709.0,679.0,125.07,813.0,18.0,Dhangadi,0-1000,1000-2000,9.0,Hungu,-,5181.0,198905.0,1991-01-01,971.0,43.0,642.0,5510.0,6426.0,283.0,43.0,Avalanche,16.0,3.0,7.0,0.0,0.0,2.0,1991-01-01,93.0,0.0,63.0,0.0,90.0,725.0,0.0,971.0,9.0,Sankhuwasabha,159.0,0.0,0.0,3.0,4.0,109.0,43.0,KHUMBU,Thukla,,-,-,4600.0,-,-,-,-,-,-,-,-,AWS,Closed,bagmati,,,78,80
Buckwheat,85383.0,8089.5,JackFruit,207344.0,459.1,19827.0,391.7,110558.0,4230.0,67.5,52359.0,230090.0,119593.0,40,4,0,Gandaki,662480,2466427,1170833,1295594,136668,362874,195458,167416,207910,286593,239788,46805,Bagmati-Mountain,Province-ecological zone,82.5,12.6,5.0,Mahakali,223.0,Drainage Area (kmÂ²) - Nepal,5410.0,Sankhuwasabha,159649.0,3480.0,190.1,840.0,5.0,Kailali,0-1000,1000-2000,10.0,East Hungu 1,-,5379.0,78760.0,1992-01-01,1318.0,17.0,1586.0,13997.0,11535.0,135.0,52.0,Wind storm,0.0,0.0,2.0,0.0,0.0,16.0,1992-01-01,71.0,2.0,20.0,0.0,97.0,128.0,0.0,318.0,10.0,Bhojpur,7.0,0.0,0.0,5.0,1.0,1.0,0.0,LANGTANG,Kyangjing,,"28 13 00""","85  37 00""",3920.0,"28 1234""","85  32 50""",3658.0,340.0,Langtang,38.0,Langtang yala  Lirung and khimsung glacier,RLS (Radar Level Sensr),Semiautmatic/ AWS,-,gandaki,,,78,80
Other cereals,24161.0,2217.8,Pineapple,44191.0,391.5,10198.0,311.2,877070.0,2866.0,80.3,197773.0,208897.0,117126.0,40,5,0,Lumbini,1141902,5122078,2454408,2667670,144402,323011,192729,130282,308073,420906,367670,53236,Bagmati-Hill,Province-ecological zone,92.1,6.7,1.2,Karnali,507.0,Drainage Area (kmÂ²) - Nepal,41890.0,Bhojpur,183918.0,1507.0,107.0,0.0,7.0,Bhairahawa,0-1000,1000-2000,11.0,East Hungu 2,-,5483.0,211877.0,1993-01-01,1524.0,246.0,1531.0,21911.0,90911.0,,5189.0,Hailstones,0.0,0.0,0.0,6.0,2608.0,17.0,1993-01-01,1336.0,0.0,45.0,0.0,43.0,100.0,0.0,1524.0,11.0,Solukhumbu,339.0,0.0,0.0,1.0,1.0,112.0,225.0,ANNAPURNA,Machhapuchre base camp,,"28  32 00""","83  57 00""",3750.0,-,-,-,-,-,-,-,-,Semiautmatic/ AWS,-,lumbini,,,78,80
Soyabeans,339994.0,12368.2,Lychee,274830.0,1177.9,32541.0,925.3,247407.0,8570.0,252.6,151758.0,288076.0,180883.0,40,6,0,Karnali,366255,1688412,823761,864651,51905,121647,72052,49595,62728,94320,77278,17042,Bagmati-Terai,Province-ecological zone,83.8,11.8,4.4,Babai,190.0,Drainage Area (kmÂ²) - Nepal,3400.0,Solukhumbu,106772.0,3312.0,37.2,0.0,1.0,Rupandehi,0-1000,1000-2000,12.0,Unnamed 3,-,5205.0,349396.0,1994-01-01,765.0,155.0,1329.0,3234.0,11701.0,392.0,184.0,Heavy rainfall,0.0,0.0,0.0,4.0,5.0,3.0,1994-01-01,49.0,0.0,47.0,0.0,43.0,626.0,0.0,765.0,12.0,Okhaldhunga,0.0,0.0,0.0,0.0,0.0,0.0,0.0,ANNAPURNA,Bagar,,-,-,-,"28  3030""","83  54 19""",3313.0,148.0,Modi,33.0,Annapurna glacier,RLS (Radar Level Sensr),-,-,karnali,,kailali,78,80
Black grams,231786.0,14916.2,Apple,67190.0,3080.2,27439.0,1783.8,1551737.0,20029.0,1296.4,1178028.0,246699.0,214022.0,40,7,0,Sudur Paschim,577102,2694783,1272786,1421997,90890,210107,130462,79645,172115,343523,255761,87762,Gandaki-Mountain,Province-ecological zone,47.1,17.6,35.2,West Rapti,257.0,Drainage Area (kmÂ²) - Nepal,6500.0,Okhaldhunga,148320.0,1074.0,134.9,1099.0,13.0,Janakpur,0-1000,1000-2000,13.0,West Chamjang,-,4983.0,6446.0,1995-01-01,873.0,1937.0,2053.0,10275.0,134216.0,41867.26,1933.0,Other*,1092.0,0.0,0.0,15323.0,0.0,2892.0,1995-01-01,203.0,0.0,34.0,43.0,73.0,520.0,0.0,873.0,13.0,Khotang,10.0,0.0,0.0,4.0,5.0,1.0,0.0,KANJIROWA,Hurikot,,"29  07 00""","82  36 00""",2735.0,-,-,-,-,-,-,-,-,Semiautomatic,-,sudur paschim,,,78,80
Red grams,70170.0,5017.3,Pear,128308.0,180.9,10240.0,146.8,60318.0,2254.0,34.0,20308.0,176902.0,67322.0,50,1,1,Taplejung,27798,120590,60773,59817,3645,8607,4526,4081,4847,6237,5374,863,Gandaki-Hill,Province-ecological zone,86.6,12.8,0.6,Narayani,332.0,Drainage Area (kmÂ²) - Nepal,28090.0,Khotang,209130.0,1591.0,200.46,0.0,13.0,Dhanusha,0-1000,1000-2000,14.0,Tsho Rolpa,Dolakha,4556.0,231693.0,1996-01-01,895.0,1527.0,2480.0,30014.0,58329.0,6063.4,1579.0,Total,40264.0,310.0,78387.0,1330913.0,5932012.0,22372.0,1996-01-01,258.0,3.0,75.0,4.0,61.0,494.0,0.0,895.0,14.0,Udaypur,14.0,4.0,4.0,6.0,0.0,0.0,0.0,KANJIROWA,Hurikot,,-,-,-,"29  05 00""","82  33 00""",2600.0,725.0,Sano Bheri,,Kanjirowa Glacier,Staff gauge,-,-,taplejung,taplejung,taplejung,78,80
Grass pea,96521.0,15641.2,Peach,251228.0,225.7,17617.0,175.4,74059.0,4588.0,50.3,33943.0,362050.0,141328.0,50,1,2,Sankhuwasabha,39173,158041,79579,78462,8418,19139,10368,8771,6369,7904,6858,1046,Gandaki-Terai,Province-ecological zone,90.8,4.7,4.6,Bagmati,163.0,Drainage Area (kmÂ²) - Nepal,3700.0,Udayapur,321962.0,2063.0,249.16,1292.0,12.0,Dipayal,0-1000,1000-2000,15.0,Unnamed 4,Taplejung,4876.0,179820.0,1997-01-01,1160.0,1120.0,1191.0,4825.0,46054.0,6063.4,410.0,,1297.0,0.0,305.0,479.0,4744.0,947.5,1997-01-01,83.0,0.0,49.0,12.0,65.0,951.0,0.0,1160.0,15.0,Saptari,46.0,35.0,11.0,0.0,0.0,0.0,0.0,HUMLA,Panchamukhi base   camp,,-,-,3825.0,-,-,-,-,-,-,Panchmukhi Glacier,Semiautomatic,-,-,sankhuwasabha,sankhuwasabha,sankhuwasabha,78,80
Lentil,529217.0,75473.6,Papaya,191669.0,157.1,10420.0,120.9,125672.0,2687.0,36.2,50086.0,279081.0,117661.0,50,1,3,Solukhumbu,26319,104851,52747,52104,6206,16109,8448,7661,3740,4948,3593,1355,Lumbini-Hill,Province-ecological zone,78.6,20.0,1.4,Sapkoshi,513.0,Drainage Area (kmÂ²) - Nepal,31940.0,Saptari,646250.0,1363.0,246.5,2622.0,18.0,Doti,0-1000,1000-2000,16.0,Nagma Pokhari,-,4907.0,18971.0,1998-01-01,1190.0,117.0,1179.0,15082.0,36987.0,326.89,1230.0,,1297.0,0.0,305.0,479.0,4744.0,947.5,1998-01-01,273.0,0.0,23.0,0.0,54.0,840.0,0.0,1190.0,16.0,Siraha,140.0,67.0,73.0,0.0,0.0,0.0,0.0,HUMLA,Daldung,,-,-,-,"30  11 00""","81  32 00""",3500.0,-,Daldung khola,-,-,Staff gauge,-,-,solukhumbu,solukhumbu,solukhumbu,78,80
Gram,106507.0,7487.1,Pomegranate,111072.0,184.1,7841.0,99.1,48577.0,3890.0,85.0,165663.0,117672.0,93588.0,50,1,4,Okhaldhunga,34294,139552,68080,71472,8668,32316,17365,14951,5453,7449,6258,1191,Lumbini-Terai,Province-ecological zone,83.3,13.3,3.4,Kankai,108.0,Drainage Area (kmÂ²) - Nepal,1330.0,Siraha,643136.0,1188.0,144.93,4438.0,12.0,Simara,0-1000,1000-2000,17.0,Unnamed 5,Gorkha,3590.0,81520.0,1999-01-01,1466.0,146.0,650.0,4304.0,17842.0,182.4,509.0,,1297.0,0.0,305.0,479.0,4744.0,947.5,1999-01-01,193.0,0.0,22.0,5.0,39.0,1207.0,0.0,1466.0,17.0,Dhanusha,230.0,193.0,37.0,0.0,0.0,0.0,0.0,TSHO ROLPA,Tsho Rolpa,,"27  50 00""","86  28 00""",4580.0,-,-,-,-,-,-,Trakarding glacier,RLS (Radar Level Sensor) in lake,AWS,-,okhaldhunga,okhaldhunga,okhaldhunga,78,80
Pea,375712.0,15998.2,Coconut,44804.0,51.5,2816.0,34.5,17163.0,636.0,17.0,15923.0,57182.0,22770.0,50,1,5,Khotang,41750,175298,86637,88661,11177,31222,16489,14733,8855,11207,10090,1117,Karnali-Mountain,Province-ecological zone,91.7,4.1,4.2,Other River,240.0,Drainage Area (kmÂ²) - Nepal,24921.0,Dhanusha,768404.0,1180.0,203.14,3783.0,17.0,Bara,0-1000,1000-2000,18.0,Unnamed 6,Mustang,5419.0,149544.0,2000-01-01,377.0,162.0,1017.0,6886.0,24900.0,889.0,1141.5,,1297.0,0.0,305.0,479.0,4744.0,947.5,2000-01-01,173.0,0.0,26.0,0.0,37.0,141.0,0.0,377.0,18.0,Mahottari,186.0,173.0,13.0,0.0,0.0,0.0,0.0,RWALLING KHOLA BEDING,Rwalling Khola Beding,,-,-,-,"27  51 00""","86  27 00""",3800.0,-,Rwalling Khola,-,-,Staff gauge,Semiautmatic,-,khotang,khotang,khotang,78,80
Green gram,56812.0,10296.9,Walnut,57284.0,611.9,10107.0,290.1,212267.0,8159.0,321.8,304176.0,90200.0,117612.0,50,1,6,Bhojpur,38631,157923,78211,79712,8997,23871,12683,11188,7216,9109,8065,1044,Karnali-Hill,Province-ecological zone,74.7,21.9,3.3,Mahakali,223.0,Estimated Runoff (mÂ³/sec) - From All Basins,698.0,Mahottari,646405.0,1002.0,185.03,3494.0,18.0,Biratnagar,0-1000,1000-2000,19.0,Unnamed 7,-,5452.0,1015173.0,2001-01-01,415.0,132.0,665.0,6103.0,15908.0,,526.65,,1297.0,0.0,305.0,479.0,4744.0,947.5,2001-01-01,196.0,1.0,38.0,0.0,26.0,154.0,0.0,415.0,19.0,Sarlahi,74.0,47.0,27.0,0.0,0.0,0.0,0.0,DHARAPANI MANAG,Dharapani Manag,,-,-,-,-,-,-,-,-,-,Thulagi Glacier,-,-,-,bhojpur,bhojpur,bhojpur,78,80
Horse gram,67351.0,5634.8,Betel nut,117568.0,2088.0,18572.0,1245.6,1456043.0,10631.0,842.4,1076851.0,538725.0,306631.0,50,1,7,Dhankuta,37648,150599,73824,76775,7764,18942,9852,9090,7979,9592,8461,1131,Sudurpaschim-Mountain,Province-ecological zone,86.1,12.5,1.3,Karnali,507.0,Estimated Runoff (mÂ³/sec) - From All Basins,1441.0,Sarlahi,768649.0,1259.0,181.42,4237.0,14.0,Morang,0-1000,1000-2000,20.0,Thulagi,-,3825.0,223385.0,2002-01-01,458.0,287.0,2126.0,19856.0,40935.0,10078.0,525.56,,1297.0,0.0,305.0,479.0,4744.0,947.5,2002-01-01,441.0,0.0,6.0,0.0,11.0,0.0,0.0,458.0,20.0,Sindhuli,9.0,0.0,4.0,5.0,0.0,0.0,0.0,DONA KHOLA,Dona Khola,,-,-,-,"28  30 00""","84  21 00""",-,-,Dona khola,-,-,staff gauge,Raingauge,out let of Thulagi Glacier lake,dhankuta,dhankuta,dhankuta,78,80
Cow pea,518219.0,12611.9,Kiwifruit,38975.0,1485.3,12108.0,959.6,344591.0,7810.0,525.7,240047.0,78236.0,86433.0,50,1,8,Terhathum,21857,88731,43581,45150,3855,9015,4863,4152,4680,5772,5221,551,Sudurpaschim-Hill,Province-ecological zone,66.8,15.0,18.3,Babai,190.0,Estimated Runoff (mÂ³/sec) - From All Basins,103.0,Sindhuli,294621.0,2491.0,278.6,1058.0,11.0,Butawal,0-1000,2000 - 3000,10.5,,,4945.0,143249.0,2003-01-01,310.0,160.0,1125.0,6819.0,11730.0,2360.0,989.93,,1297.0,0.0,305.0,479.0,4744.0,947.5,2003-01-01,232.0,0.0,62.0,0.0,16.0,0.0,0.0,310.0,21.0,Ramechhap,25.0,0.0,0.0,1.0,0.0,21.0,3.0,DAFEN LAKE,Dafe lake Thali Jumla,,"29  21 30""","82  09 35""",3800.0,-,-,-,-,-,-,-,Semiautomatic,-,-,terhathum,terhathum,terhathum,78,80
Bean,622146.0,18004.0,Avocado,40112.0,470.9,4003.0,150.9,52934.0,5279.0,319.9,138063.0,38838.0,78457.0,50,1,9,Panchthar,42495,172400,85683,86717,7731,16995,8889,8106,9455,11701,10326,1375,Sudurpaschim-Terai,Province-ecological zone,75.5,6.4,18.1,West Rapti,257.0,Estimated Runoff (mÂ³/sec) - From All Basins,224.0,Ramechhap,205312.0,1546.0,107.9,1903.0,7.0,Rupandehi,0-1000,2000 - 3000,10.5,,,4945.0,143249.0,2004-01-01,192.0,220.0,888.0,4818.0,16997.0,0.0,341.09,,1297.0,0.0,305.0,479.0,4744.0,947.5,2004-01-01,131.0,0.0,10.0,0.0,10.0,41.0,0.0,192.0,22.0,Dolakha,42.0,0.0,0.0,3.0,5.0,23.0,11.0,,,,,,,,,,,,,,,,,panchthar,panchthar,panchthar,78,80
Other leguminous crops,90898.0,6395.3,Plum,100223.0,125.8,8908.0,92.4,80503.0,1822.0,33.3,17772.0,147391.0,42761.0,50,1,10,Ilam,70532,279534,139431,140103,9783,19255,10118,9137,14795,18845,14949,3896,Male,Sex of respondent,88.7,8.2,3.1,Narayani,332.0,Estimated Runoff (mÂ³/sec) - From All Basins,1753.0,Dolakha,188186.0,2191.0,149.75,1257.0,7.0,Khairenitar,0-1000,2000 - 3000,10.5,,,4945.0,143249.0,2005-01-01,242.0,153.0,955.0,3169.0,4315.0,0.0,387.21,,1297.0,0.0,305.0,479.0,4744.0,947.5,2005-01-01,141.0,0.0,18.0,21.0,28.0,34.0,0.0,242.0,23.0,Sindhupalchwok,75.0,0.0,0.0,12.0,5.0,58.0,0.0,,,,,,,,,,,,,,,,,ilam,ilam,ilam,78,80
Winter potato,1336616.0,61033.4,Other fruits,129941.0,704.3,11085.0,394.3,201435.0,4838.0,310.1,247061.0,236136.0,156849.0,50,1,11,Jhapa,245142,998054,478509,519545,21322,38551,22460,16091,69824,91314,73025,18289,Female,Sex of respondent,82.4,13.2,4.5,Bagmati,163.0,Estimated Runoff (mÂ³/sec) - From All Basins,178.0,Sindhupalchok,289455.0,2542.0,206.67,1401.0,8.0,Tanahu,0-1000,2000 - 3000,10.5,,,4945.0,143249.0,2006-01-01,132.0,88.0,10098.0,3765.0,19023.0,3396.84,392.31,,1297.0,0.0,305.0,479.0,4744.0,947.5,2006-01-01,114.0,0.0,15.0,0.0,3.0,0.0,0.0,132.0,24.0,Kavrepalanchok,1.0,0.0,0.0,1.0,0.0,0.0,0.0,,,,,,,,,,,,,,,,,jhapa,jhapa,jhapa,78,80
Summer potato,483645.0,37697.9,Tea,21341.0,5665.7,16693.0,4982.8,5578.0,683.0,140.10000000000002,165663.0,230090.0,117661.0,50,1,12,Morang,272283,1148156,557512,590644,22797,43507,25482,18025,60757,75868,63847,12021,Nepal,National Average,87.2,9.3,3.4,Sapkoshi,513.0,Estimated Runoff (mÂ³/sec) - From All Basins,1658.0,Kavrepalanchok,389959.0,1396.0,155.12,2514.0,11.0,Hetauda,0-1000,2000 - 3000,10.5,,,4945.0,143249.0,2007-01-01,274.0,144.0,21861.0,37984.0,117203.0,513.65,1928.55,,1297.0,0.0,305.0,479.0,4744.0,947.5,2007-01-01,216.0,0.0,40.0,6.0,9.0,3.0,0.0,274.0,25.0,Lalitpur,3.0,0.0,0.0,3.0,0.0,0.0,0.0,,,,,,,,,,,,,,,,,morang,morang,morang,78,80
Sweet potato,34144.0,819.1,Coffee,27778.0,599.1,8442.0,417.3,564819.0,3254.0,181.8,245230.0,123534.0,54249.0,50,1,13,Sunsari,212545,926962,449023,477939,15784,28520,17800,10720,48412,62071,52049,10022,,,86.0,11.4,3.4,Kankai,108.0,Estimated Runoff (mÂ³/sec) - From All Basins,68.0,Lalitpur,466784.0,385.0,131.39,3553.0,34.0,Makawanpur,0-1000,2000 - 3000,10.5,,,4945.0,143249.0,2008-01-01,171.0,55.0,7066.0,13864.0,21600.0,21315.0,1633.28,,1297.0,0.0,305.0,479.0,4744.0,947.5,2008-01-01,134.0,0.0,16.0,0.0,11.0,10.0,0.0,171.0,26.0,Bhaktapur,2.0,0.0,0.0,2.0,0.0,0.0,0.0,,,,,,,,,,,,,,,,,sunsari,sunsari,sunsari,78,80
Colocasia,260716.0,3946.9,Cardamom,78091.0,19113.5,67940.0,16852.2,19952.0,2261.0,140.10000000000002,165663.0,230090.0,117661.0,50,1,14,Udayapur,81089,340721,163738,176983,17456,41312,24291,17021,17510,21017,18515,2502,,,86.0,11.4,3.4,Other River,240.0,Estimated Runoff (mÂ³/sec) - From All Basins,1001.0,Bhaktapur,303027.0,119.0,115.06,2634.0,97.0,Syangja,0-1000,2000 - 3000,10.5,,,4945.0,143249.0,2009-01-01,641.0,117.0,228.0,1050.0,3028.0,,420.25,,1297.0,0.0,305.0,479.0,4744.0,947.5,2009-01-01,135.0,0.0,7.0,2.0,35.0,462.0,0.0,641.0,27.0,Kathmandu,1.0,0.0,0.0,1.0,0.0,0.0,0.0,,,,,,,,,,,,,,,,,udayapur,udayapur,udayapur,78,80
Yam/cassava,59982.0,633.0,Fodder Tree,115538.0,18261.0,220.1,174249.0,125672.0,4230.0,118401.0,165663.0,230090.0,117661.0,50,2,15,Saptari,146854,706255,351368,354887,9934,23548,15435,8113,28783,33510,32338,1172,,,86.0,11.4,3.4,Mahakali,223.0,Estimated Runoff (mÂ³/sec) - From Nepal,247.0,Kathmandu,1740977.0,395.0,247.7,7028.0,63.0,Syangja,0-1000,2000 - 3000,10.5,,,4945.0,143249.0,2010-01-01,448.0,261.0,1526.0,23370.0,19026.0,200 no,1398.19,,1297.0,0.0,305.0,479.0,4744.0,947.5,2010-01-01,240.0,0.0,70.0,0.0,69.0,36.0,0.0,415.0,28.0,Nuwakot,3.0,0.0,0.0,0.0,1.0,2.0,0.0,,,,,,,,,,,,,,,,,saptari,saptari,saptari,78,80
Other tubers and bulbs,10381.0,607.5,Multi-year grass crops,115538.0,37507.0,3221.1,351.45,125672.0,4230.0,140.10000000000002,165663.0,230090.0,117661.0,50,2,16,Siraha,148571,739953,363724,376229,6594,15275,9884,5391,47935,56491,55530,961,,,86.0,11.4,3.4,Karnali,507.0,Estimated Runoff (mÂ³/sec) - From Nepal,1371.0,Nuwakot,278761.0,1121.0,211.38,1319.0,19.0,Panchsaya Khola,1000-1500,3000 and above,10.5,,,4945.0,143249.0,2011-01-01,507.0,666.0,864.0,11348.0,12135.0,,7051.62,,1297.0,0.0,305.0,479.0,4744.0,947.5,2011-01-01,252.0,6.0,114.0,0.0,46.0,9.0,0.0,507.0,29.0,Rasuwa,38.0,0.0,0.0,0.0,0.0,34.0,4.0,,,,,,,,,,,,,,,,,siraha,siraha,siraha,78,80
Mustard,1133489.0,162502.2,Broom Grass (Amriso),115538.0,112465.0,15438.9,351.45,125672.0,4230.0,140.10000000000002,165663.0,230090.0,117661.0,50,2,17,Dhanusa,177143,867747,429893,437854,9326,23090,14332,8758,61000,73688,71920,1768,,,86.0,11.4,3.4,Babai,190.0,Estimated Runoff (mÂ³/sec) - From Nepal,103.0,Rasuwa,43798.0,1544.0,66.2,662.0,4.0,Salyan,1000-1500,1000-2000,10.5,,,4945.0,143249.0,2012-01-01,385.0,384.0,1181.0,4235.0,3645.0,,1293.96,,1297.0,0.0,305.0,479.0,4744.0,947.5,2012-01-01,112.0,1.0,148.0,9.0,77.0,33.0,0.0,385.0,30.0,Dhading,5.0,0.0,0.0,0.0,0.0,5.0,0.0,,,,,,,,,,,,,,,,,dhanusa,dhanusha,dhanusha,78,80
Ground nut,37805.0,3254.2,Thatch,115538.0,215571.0,38913.3,351.45,125672.0,4230.0,140.10000000000002,165663.0,230090.0,117661.0,50,2,18,Mahottari,137902,706994,349159,357835,7854,20354,12809,7545,42436,52674,51070,1604,,,86.0,11.4,3.4,West Rapti,257.0,Estimated Runoff (mÂ³/sec) - From Nepal,224.0,Dhading,336250.0,1926.0,219.08,1535.0,11.0,Nuwakot,1000-1500,1000-2000,10.5,,,4945.0,143249.0,2013-01-01,460.0,494.0,1536.0,2510.0,2710.0,,3425.59,,1297.0,0.0,305.0,479.0,4744.0,947.5,2013-01-01,219.0,0.0,154.0,8.0,59.0,4.0,0.0,460.0,31.0,Makwanpur,2.0,0.0,0.0,1.0,1.0,0.0,0.0,,,,,,,,,,,,,,,,,mahottari,mahottari,mahottari,78,80
Linseed,55560.0,8302.8,Bamboo,115538.0,297470.0,3699.5,351.45,125672.0,4230.0,140.10000000000002,165663.0,230090.0,117661.0,50,2,19,Sarlahi,164893,862470,435131,427339,12862,31844,19977,11867,29054,35084,32669,2415,,,86.0,11.4,3.4,Narayani,332.0,Estimated Runoff (mÂ³/sec) - From Nepal,1409.0,Makwanpur,427494.0,2426.0,329.34,1298.0,14.0,Dhankuta,1000-1500,1000-2000,10.5,,,4945.0,143249.0,2014-01-01,503.0,479.0,0.0,34721.0,39812.0,,1681.0,,1297.0,0.0,305.0,479.0,4744.0,947.5,2014-01-01,248.0,0.0,135.0,13.0,83.0,12.0,0.0,501.0,32.0,Rautahat,85.0,68.0,17.0,0.0,0.0,0.0,0.0,,,,,,,,,,,,,,,,,sarlahi,sarlahi,sarlahi,78,80
Sesame,51195.0,4259.6,Other permanent crop,115538.0,173153.0,3051.4,351.45,125672.0,4230.0,140.10000000000002,165663.0,230090.0,117661.0,50,2,20,Rautahat,137032,813573,408403,405170,10267,25045,16589,8456,18995,23892,22645,1247,,,86.0,11.4,3.4,Bagmati,163.0,Estimated Runoff (mÂ³/sec) - From Nepal,178.0,Rautahat,696221.0,1126.0,120.83,5762.0,11.0,Patan,1000-1500,1000-2000,10.5,,,4945.0,143249.0,2015-01-01,9248.0,22633.0,1974.0,1079778.0,828.0,,944.0,,1297.0,0.0,305.0,479.0,4744.0,947.5,2015-01-01,124.0,8962.0,93.0,1.0,57.0,3.0,0.0,9248.0,33.0,Bara,93.0,75.0,18.0,0.0,0.0,0.0,0.0,,,,,,,,,,,,,,,,,rautahat,rautahat,rautahat,78,80
Niger seed,6278.0,315.7,,115538.0,704.3,11085.0,351.45,125672.0,4230.0,140.10000000000002,165663.0,230090.0,117661.0,50,2,21,Bara,131240,763137,389787,373350,10771,25210,16426,8784,14472,17357,15824,1533,,,86.0,11.4,3.4,Sapkoshi,513.0,Estimated Runoff (mÂ³/sec) - From Nepal,878.0,Bara,701037.0,1190.0,186.58,3757.0,16.0,Baitadi,1000-1500,1000-2000,10.5,,,4945.0,143249.0,2016-01-01,450.0,764.0,8162.0,4655.0,13241.0,,2812.0,,1297.0,0.0,305.0,479.0,4744.0,947.5,2016-01-01,256.0,0.0,108.0,0.0,41.0,19.0,0.0,450.0,34.0,Parsa,71.0,63.0,8.0,0.0,0.0,0.0,0.0,,,,,,,,,,,,,,,,,bara,bara,bara,78,80
Other oil seeds,17539.0,1506.6,,115538.0,704.3,11085.0,351.45,125672.0,4230.0,140.10000000000002,165663.0,230090.0,117661.0,50,2,22,Parsa,113080,654471,338286,316185,9072,24182,15241,8941,9340,11590,10431,1159,,,86.0,11.4,3.4,Kankai,108.0,Estimated Runoff (mÂ³/sec) - From Nepal,68.0,Parsa,601701.0,1353.0,87.82,6852.0,6.0,Gorkha,1000-1500,1000-2000,10.5,,,4945.0,143249.0,2017-01-01,490.0,737.0,3291.0,1433352.0,19073.0,,2495.0,,1297.0,0.0,305.0,479.0,4744.0,947.5,2017-01-01,249.0,0.0,90.0,1.0,63.0,10.0,0.0,490.0,35.0,Chitwan,40.0,0.0,40.0,0.0,0.0,0.0,0.0,,,,,,,,,,,,,,,,,parsa,parsa,parsa,78,80
Sugarcane,96204.0,40149.5,,115538.0,704.3,11085.0,351.45,125672.0,4230.0,140.10000000000002,165663.0,230090.0,117661.0,50,3,23,Dolakha,49538,172767,83720,89047,14273,47497,25879,21618,6708,9100,6797,2303,,,86.0,11.4,3.4,Other River,240.0,Estimated Runoff (mÂ³/sec) - From Nepal,1001.0,Chitwan,566661.0,2218.0,233.39,2428.0,11.0,Ilam,1000-1500,1000-2000,10.5,,,4945.0,143249.0,,641.0,220.0,1531.0,7166.0,18432.5,,989.93,,1297.0,0.0,305.0,479.0,4744.0,947.5,,232.0,0.0,42.5,0.0,52.0,141.0,0.0,579.0,36.0,Gorkha,36.0,0.0,1.0,5.0,3.0,26.0,1.0,,,,,,,,,,,,,,,,,dolakha,dolakha,dolakha,78,80
Jute,13130.0,2819.3,,115538.0,704.3,11085.0,351.45,125672.0,4230.0,140.10000000000002,165663.0,230090.0,117661.0,50,3,24,Sindhupalchok,71773,262624,129205,133419,22854,73855,39905,33950,12759,17532,11154,6378,,,86.0,11.4,3.4,,240.0,,1549.5,Gorkha,269388.0,3610.0,213.24,1263.0,6.0,Doti,1000-1500,1000-2000,10.5,,,4945.0,143249.0,,641.0,220.0,1531.0,7166.0,18432.5,,989.93,,1297.0,0.0,305.0,479.0,4744.0,947.5,,232.0,0.0,42.5,0.0,52.0,141.0,0.0,579.0,37.0,Lamjung,23.0,0.0,0.0,5.0,4.0,14.0,0.0,,,,,,,,,,,,,,,,,sindhupalchok,sindhupalchok,sindhupalchok,78,80
Tobacco,7242.0,1065.0,,115538.0,704.3,11085.0,351.45,125672.0,4230.0,140.10000000000002,165663.0,230090.0,117661.0,50,3,25,Rasuwa,11140,46689,24035,22654,1863,4836,2532,2304,1810,2302,1329,973,,,86.0,11.4,3.4,,240.0,,1549.5,Lamjung,169104.0,1692.0,106.84,1583.0,6.0,Silgadhi,1000-1500,1000-2000,10.5,,,4945.0,143249.0,,641.0,220.0,1531.0,7166.0,18432.5,,989.93,,1297.0,0.0,305.0,479.0,4744.0,947.5,,232.0,0.0,42.5,0.0,52.0,141.0,0.0,579.0,38.0,Tanahun,2.0,0.0,1.0,1.0,0.0,0.0,0.0,,,,,,,,,,,,,,,,,rasuwa,rasuwa,rasuwa,78,80
Other cash crops,4643.0,575.5,,115538.0,704.3,11085.0,351.45,125672.0,4230.0,140.10000000000002,165663.0,230090.0,117661.0,50,3,26,Dhading,83642,325710,159048,166662,22760,68085,36786,31299,14930,19063,15859,3204,,,86.0,11.4,3.4,,240.0,,1549.5,Tanahu,330581.0,1546.0,179.49,1842.0,12.0,Dailekh,1000-1500,1000-2000,10.5,,,4945.0,143249.0,,641.0,220.0,1531.0,7166.0,18432.5,,989.93,,1297.0,0.0,305.0,479.0,4744.0,947.5,,232.0,0.0,42.5,0.0,52.0,141.0,0.0,579.0,39.0,Syangja,4.0,0.0,0.0,1.0,3.0,0.0,0.0,,,,,,,,,,,,,,,,,dhading,dhading,dhading,78,80
Chili,797330.0,10784.5,,115538.0,704.3,11085.0,351.45,125672.0,4230.0,140.10000000000002,165663.0,230090.0,117661.0,50,3,27,Nuwakot,68679,263391,128998,134393,20815,65446,35532,29914,11996,15608,12162,3446,,,86.0,11.4,3.4,,240.0,,1549.5,Syangja,288040.0,1164.0,171.58,1679.0,15.0,Taplethok,1000-1500,2000 - 3000,10.5,,,4945.0,143249.0,,641.0,220.0,1531.0,7166.0,18432.5,,989.93,,1297.0,0.0,305.0,479.0,4744.0,947.5,,232.0,0.0,42.5,0.0,52.0,141.0,0.0,579.0,40.0,Kaski,29.0,0.0,0.0,22.0,0.0,7.0,0.0,,,,,,,,,,,,,,,,,nuwakot,nuwakot,nuwakot,78,80
Onion,1203834.0,15530.6,,115538.0,704.3,11085.0,351.45,125672.0,4230.0,140.10000000000002,165663.0,230090.0,117661.0,50,3,28,Kathmandu,544867,2041587,1035726,1005861,36229,90819,48488,42331,97099,144884,92944,51940,,,86.0,11.4,3.4,,240.0,,1549.5,Kaski,490429.0,2017.0,128.96,3803.0,6.0,Lumle,1500-2000,3000 and above,10.5,,,4945.0,143249.0,,641.0,220.0,1531.0,7166.0,18432.5,,989.93,,1297.0,0.0,305.0,479.0,4744.0,947.5,,232.0,0.0,42.5,0.0,52.0,141.0,0.0,579.0,41.0,Manang,66.0,0.0,0.0,0.0,0.0,26.0,40.0,,,,,,,,,,,,,,,,,kathmandu,kathmandu,kathmandu,78,80
Garlic,1255887.0,13415.0,,115538.0,704.3,11085.0,351.45,125672.0,4230.0,140.10000000000002,165663.0,230090.0,117661.0,50,3,29,Bhaktapur,108503,432132,218418,213714,6639,14663,8256,6407,17293,24039,15972,8067,,,86.0,11.4,3.4,,240.0,,1549.5,Manang,6527.0,2246.0,30.0,0.0,1.0,Kaski,1500-2000,3000 and above,10.5,,,4945.0,143249.0,,641.0,220.0,1531.0,7166.0,18432.5,,989.93,,1297.0,0.0,305.0,479.0,4744.0,947.5,,232.0,0.0,42.5,0.0,52.0,141.0,0.0,579.0,42.0,Mustang,78.0,0.0,0.0,0.0,2.0,5.0,71.0,,,,,,,,,,,,,,,,,bhaktapur,bhaktapur,bhaktapur,78,80
Turmeric,285364.0,4404.6,,115538.0,704.3,11085.0,351.45,125672.0,4230.0,140.10000000000002,165663.0,230090.0,117661.0,50,3,30,Lalitpur,140367,551667,277131,274536,8016,22012,11720,10292,24149,36874,23294,13580,,,86.0,11.4,3.4,,240.0,,1549.5,Mustang,13799.0,3573.0,194.0,0.0,5.0,Okhaldhunga,1500-2000,1000-2000,10.5,,,4945.0,143249.0,,641.0,220.0,1531.0,7166.0,18432.5,,989.93,,1297.0,0.0,305.0,479.0,4744.0,947.5,,232.0,0.0,42.5,0.0,52.0,141.0,0.0,579.0,43.0,Myagdi,33.0,0.0,0.0,5.0,14.0,13.0,1.0,,,,,,,,,,,,,,,,,lalitpur,lalitpur,lalitpur,78,80
Coriander seed,437121.0,4757.8,,115538.0,704.3,11085.0,351.45,125672.0,4230.0,140.10000000000002,165663.0,230090.0,117661.0,50,3,31,Kavrepalanchok,91428,364039,178909,185130,26583,95624,52038,43586,15096,19858,14812,5046,,,86.0,11.4,3.4,,240.0,,1549.5,Myagdi,113731.0,2297.0,44.0,2585.0,2.0,Pakhribas,1500-2000,1000-2000,10.5,,,4945.0,143249.0,,641.0,220.0,1531.0,7166.0,18432.5,,989.93,,1297.0,0.0,305.0,479.0,4744.0,947.5,,232.0,0.0,42.5,0.0,52.0,141.0,0.0,579.0,44.0,Parbat,5.0,0.0,0.0,5.0,0.0,0.0,0.0,,,,,,,,,,,,,,,,,kavrepalanchok,kabhrepalanchok,kabhrepalanchok,78,80
Other spices,25893.0,595.5,,115538.0,704.3,11085.0,351.45,125672.0,4230.0,140.10000000000002,165663.0,230090.0,117661.0,50,3,32,Ramechhap,46489,170302,80824,89478,20265,84008,45417,38591,7353,9853,7875,1978,,,86.0,11.4,3.4,,240.0,,1549.5,Parbat,147076.0,494.0,92.11,1597.0,19.0,Tamghas,1500-2000,1000-2000,10.5,,,4945.0,143249.0,,641.0,220.0,1531.0,7166.0,18432.5,,989.93,,1297.0,0.0,305.0,479.0,4744.0,947.5,,232.0,0.0,42.5,0.0,52.0,141.0,0.0,579.0,45.0,Baglung,60.0,0.0,0.0,15.0,37.0,8.0,0.0,,,,,,,,,,,,,,,,,ramechhap,ramechhap,ramechhap,78,80
Cauliflower,623119.0,15124.0,,115538.0,704.3,11085.0,351.45,125672.0,4230.0,140.10000000000002,165663.0,230090.0,117661.0,50,3,33,Sindhuli,69364,300026,147065,152961,18572,56666,31558,25108,11280,13733,12013,1720,,,86.0,11.4,3.4,,240.0,,1549.5,Baglung,270009.0,1784.0,228.13,1184.0,13.0,Bhojpur,1500-2000,1000-2000,10.5,,,4945.0,143249.0,,641.0,220.0,1531.0,7166.0,18432.5,,989.93,,1297.0,0.0,305.0,479.0,4744.0,947.5,,232.0,0.0,42.5,0.0,52.0,141.0,0.0,579.0,46.0,Gulmi,11.0,0.0,0.0,7.0,4.0,0.0,0.0,,,,,,,,,,,,,,,,,sindhuli,sindhuli,sindhuli,78,80
Cabbage,478865.0,8935.1,,115538.0,704.3,11085.0,351.45,125672.0,4230.0,140.10000000000002,165663.0,230090.0,117661.0,50,3,34,Makwanpur,105792,466073,233816,232257,17362,50281,28063,22218,15894,20020,15254,4766,,,86.0,11.4,3.4,,240.0,,1549.5,Gulmi,283577.0,1149.0,205.14,1382.0,18.0,Dadeldhura,1500-2000,1000-2000,10.5,,,4945.0,143249.0,,641.0,220.0,1531.0,7166.0,18432.5,,989.93,,1297.0,0.0,305.0,479.0,4744.0,947.5,,232.0,0.0,42.5,0.0,52.0,141.0,0.0,579.0,47.0,Palpa,12.0,0.0,0.0,12.0,0.0,0.0,0.0,,,,,,,,,,,,,,,,,makwanpur,makawanpur,makawanpur,78,80
Tomato,424093.0,10928.6,,115538.0,704.3,11085.0,351.45,125672.0,4230.0,140.10000000000002,165663.0,230090.0,117661.0,50,3,35,Chitawan,179345,719859,351789,368070,19143,39896,23733,16163,46861,65064,50655,14409,,,86.0,11.4,3.4,,240.0,,1549.5,Palpa,269372.0,1373.0,248.88,1082.0,18.0,Chatara,1500-2000,2000 - 3000,10.5,,,4945.0,143249.0,,641.0,220.0,1531.0,7166.0,18432.5,,989.93,,1297.0,0.0,305.0,479.0,4744.0,947.5,,232.0,0.0,42.5,0.0,52.0,141.0,0.0,579.0,48.0,Nawalparasi,163.0,0.0,163.0,0.0,0.0,0.0,0.0,,,,,,,,,,,,,,,,,chitawan,chitawan,chitawan,78,80
Other vegetables,1805365.0,72746.0,,115538.0,704.3,11085.0,351.45,125672.0,4230.0,140.10000000000002,165663.0,230090.0,117661.0,50,4,36,Gorkha,71826,251027,118155,132872,26760,79772,42937,36835,17384,23068,19325,3743,,,86.0,11.4,3.4,,240.0,,1549.5,Nawalparasi,635793.0,2162.0,375.73,1692.0,17.0,Kannyam,1500-2000,2000 - 3000,10.5,,,4945.0,143249.0,,641.0,220.0,1531.0,7166.0,18432.5,,989.93,,1297.0,0.0,305.0,479.0,4744.0,947.5,,232.0,0.0,42.5,0.0,52.0,141.0,0.0,579.0,49.0,Rupandehi,289.0,131.0,158.0,0.0,0.0,0.0,0.0,,,,,,,,,,,,,,,,,gorkha,gorkha,gorkha,78,80
Grass crops,176440.0,16436.3,,115538.0,704.3,11085.0,351.45,125672.0,4230.0,140.10000000000002,165663.0,230090.0,117661.0,50,4,37,Manang,1572,5658,3192,2466,470,951,444,507,211,319,205,114,,,86.0,11.4,3.4,,240.0,,1549.5,Rupandehi,886706.0,1360.0,169.85,5221.0,12.0,Jomsom,2000-3000,0-500,10.5,,,4945.0,143249.0,,641.0,220.0,1531.0,7166.0,18432.5,,989.93,,1297.0,0.0,305.0,479.0,4744.0,947.5,,232.0,0.0,42.5,0.0,52.0,141.0,0.0,579.0,50.0,Kapilvastu,351.0,190.0,161.0,0.0,0.0,0.0,0.0,,,,,,,,,,,,,,,,,manang,manang,manang,78,80
Other temporary crops,28214.0,2226.2,,115538.0,704.3,11085.0,351.45,125672.0,4230.0,140.10000000000002,165663.0,230090.0,117661.0,50,4,38,Mustang,3674,14452,7934,6518,1261,2623,1307,1316,757,1207,747,460,,,86.0,11.4,3.4,,240.0,,1549.5,Kapilbastu,570612.0,1738.0,232.97,2449.0,13.0,Mustang,2000-3000,0-500,10.5,,,4945.0,143249.0,,641.0,220.0,1531.0,7166.0,18432.5,,989.93,,1297.0,0.0,305.0,479.0,4744.0,947.5,,232.0,0.0,42.5,0.0,52.0,141.0,0.0,579.0,51.0,Arghakhanchi,3.0,0.0,0.0,3.0,0.0,0.0,0.0,,,,,,,,,,,,,,,,,mustang,mustang,mustang,78,80
,231786.0,10928.6,,115538.0,704.3,11085.0,351.45,125672.0,4230.0,140.10000000000002,165663.0,230090.0,117661.0,50,4,39,Myagdi,28830,107033,52153,54880,6142,14777,7305,7472,8320,10766,8961,1805,,,86.0,11.4,3.4,,240.0,,1549.5,Arghakhanchi,200446.0,1193.0,170.91,1173.0,14.0,Lete,2000-3000,3000 and above,10.5,,,4945.0,143249.0,,641.0,220.0,1531.0,7166.0,18432.5,,989.93,,1297.0,0.0,305.0,479.0,4744.0,947.5,,232.0,0.0,42.5,0.0,52.0,141.0,0.0,579.0,52.0,Pyuthan,19.0,0.0,0.0,13.0,6.0,0.0,0.0,,,,,,,,,,,,,,,,,myagdi,myagdi,myagdi,78,80
,231786.0,10928.6,,115538.0,704.3,11085.0,351.45,125672.0,4230.0,140.10000000000002,165663.0,230090.0,117661.0,50,4,40,Kaski,160651,600051,292791,307260,14384,34194,18541,15653,45499,66327,50594,15733,,,86.0,11.4,3.4,,240.0,,1549.5,Pyuthan,235165.0,1309.0,169.43,1388.0,13.0,Daman,2000-3000,1000-2000,10.5,,,4945.0,143249.0,,641.0,220.0,1531.0,7166.0,18432.5,,989.93,,1297.0,0.0,305.0,479.0,4744.0,947.5,,232.0,0.0,42.5,0.0,52.0,141.0,0.0,579.0,53.0,Rolpa,16.0,0.0,0.0,11.0,1.0,4.0,0.0,,,,,,,,,,,,,,,,,kaski,kaski,kaski,78,80
,231786.0,10928.6,,115538.0,704.3,11085.0,351.45,125672.0,4230.0,140.10000000000002,165663.0,230090.0,117661.0,50,4,41,Lamjung,44170,155852,74077,81775,12500,31656,16792,14864,13044,16871,14762,2109,,,86.0,11.4,3.4,,240.0,,1549.5,Rolpa,227075.0,1879.0,170.41,1333.0,9.0,Makawanpur,2000-3000,1000-2000,10.5,,,4945.0,143249.0,,641.0,220.0,1531.0,7166.0,18432.5,,989.93,,1297.0,0.0,305.0,479.0,4744.0,947.5,,232.0,0.0,42.5,0.0,52.0,141.0,0.0,579.0,54.0,Rukum,70.0,0.0,0.0,13.0,14.0,31.0,12.0,,,,,,,,,,,,,,,,,lamjung,lamjung,lamjung,78,80
,231786.0,10928.6,,115538.0,704.3,11085.0,351.45,125672.0,4230.0,140.10000000000002,165663.0,230090.0,117661.0,50,4,42,Tanahu,88583,321153,150094,171059,20893,53977,29298,24679,29026,37372,33339,4033,,,86.0,11.4,3.4,,240.0,,1549.5,Rukum,210878.0,2877.0,158.4,1331.0,6.0,Musikot,2000-3000,2000 - 3000,10.5,,,4945.0,143249.0,,641.0,220.0,1531.0,7166.0,18432.5,,989.93,,1297.0,0.0,305.0,479.0,4744.0,947.5,,232.0,0.0,42.5,0.0,52.0,141.0,0.0,579.0,55.0,Salyan,5.0,0.0,0.0,5.0,0.0,0.0,0.0,,,,,,,,,,,,,,,,,tanahu,tanahu,tanahu,78,80
,231786.0,10928.6,,115538.0,704.3,11085.0,351.45,125672.0,4230.0,140.10000000000002,165663.0,230090.0,117661.0,50,4,43,Nawalparasi (Bardaghat Susta East),93925,378079,177887,200192,11945,25436,14549,10887,33454,44771,38152,6619,,,86.0,11.4,3.4,,240.0,,1549.5,Salyan,243575.0,1462.0,175.66,1387.0,12.0,Kakani,2000-3000,2000 - 3000,10.5,,,4945.0,143249.0,,641.0,220.0,1531.0,7166.0,18432.5,,989.93,,1297.0,0.0,305.0,479.0,4744.0,947.5,,232.0,0.0,42.5,0.0,52.0,141.0,0.0,579.0,56.0,Dang,38.0,0.0,8.0,30.0,0.0,0.0,0.0,,,,,,,,,,,,,,,,,nawalparasi (bardaghat susta east),nawalpur,nawalpur,78,80
,231786.0,10928.6,,115538.0,704.3,11085.0,351.45,125672.0,4230.0,140.10000000000002,165663.0,230090.0,117661.0,50,4,44,Syangja,68959,253024,116678,136346,19310,57309,30828,26481,25518,35289,31292,3997,,,86.0,11.4,3.4,,240.0,,1549.5,Dang,557852.0,2955.0,366.22,1523.0,12.0,Nuwakot,2000-3000,2000 - 3000,10.5,,,4945.0,143249.0,,641.0,220.0,1531.0,7166.0,18432.5,,989.93,,1297.0,0.0,305.0,479.0,4744.0,947.5,,232.0,0.0,42.5,0.0,52.0,141.0,0.0,579.0,57.0,Banke,243.0,0.0,243.0,0.0,0.0,0.0,0.0,,,,,,,,,,,,,,,,,syangja,syangja,syangja,78,80
,231786.0,10928.6,,115538.0,704.3,11085.0,351.45,125672.0,4230.0,140.10000000000002,165663.0,230090.0,117661.0,50,4,45,Parbat,36137,130887,61678,69209,10155,30792,16759,14033,11772,16446,14114,2332,,,86.0,11.4,3.4,,240.0,,1549.5,Banke,493017.0,2337.0,226.41,2178.0,10.0,Jiri,2000-3000,2000 - 3000,10.5,,,4945.0,143249.0,,641.0,220.0,1531.0,7166.0,18432.5,,989.93,,1297.0,0.0,305.0,479.0,4744.0,947.5,,232.0,0.0,42.5,0.0,52.0,141.0,0.0,579.0,58.0,Bardiya,82.0,0.0,82.0,0.0,0.0,0.0,0.0,,,,,,,,,,,,,,,,,parbat,parbat,parbat,78,80
,231786.0,10928.6,,115538.0,704.3,11085.0,351.45,125672.0,4230.0,140.10000000000002,165663.0,230090.0,117661.0,50,4,46,Baglung,64153,249211,116194,133017,12848,31387,16698,14689,22925,34157,28297,5860,,,86.0,11.4,3.4,,240.0,,1549.5,Bardiya,426946.0,2025.0,211.42,2019.0,10.0,Dolakha,2000-3000,2000 - 3000,10.5,,,4945.0,143249.0,,641.0,220.0,1531.0,7166.0,18432.5,,989.93,,1297.0,0.0,305.0,479.0,4744.0,947.5,,232.0,0.0,42.5,0.0,52.0,141.0,0.0,579.0,59.0,Surkhet,22.0,0.0,1.0,21.0,0.0,0.0,0.0,,,,,,,,,,,,,,,,,baglung,baglung,baglung,78,80
,231786.0,10928.6,,115538.0,704.3,11085.0,351.45,125672.0,4230.0,140.10000000000002,165663.0,230090.0,117661.0,50,5,47,Rukum (East),12886,56786,27516,29270,1306,3300,1764,1536,2532,3108,2864,244,,,86.0,11.4,3.4,,240.0,,1549.5,Surkhet,360104.0,2451.0,264.14,1363.0,11.0,Jumla,2000-3000,500 - 1000,10.5,,,4945.0,143249.0,,641.0,220.0,1531.0,7166.0,18432.5,,989.93,,1297.0,0.0,305.0,479.0,4744.0,947.5,,232.0,0.0,42.5,0.0,52.0,141.0,0.0,579.0,60.0,Dailekh,7.0,0.0,0.0,5.0,2.0,0.0,0.0,,,,,,,,,,,,,,,,,rukum (east),eastern_rukum,eastern_rukum,78,80
,231786.0,10928.6,,115538.0,704.3,11085.0,351.45,125672.0,4230.0,140.10000000000002,165663.0,230090.0,117661.0,50,5,48,Rolpa,52221,234793,109871,124922,7535,18064,9992,8072,15028,20024,17812,2212,,,86.0,11.4,3.4,,240.0,,1549.5,Dailekh,263835.0,1502.0,275.23,959.0,18.0,,,,10.5,,,4945.0,143249.0,,641.0,220.0,1531.0,7166.0,18432.5,,989.93,,1297.0,0.0,305.0,479.0,4744.0,947.5,,232.0,0.0,42.5,0.0,52.0,141.0,0.0,579.0,61.0,Jajarkot,16.0,0.0,0.0,0.0,0.0,16.0,0.0,,,,,,,,,,,,,,,,,rolpa,rolpa,rolpa,78,80
,231786.0,10928.6,,115538.0,704.3,11085.0,351.45,125672.0,4230.0,140.10000000000002,165663.0,230090.0,117661.0,50,5,49,Pyuthan,56203,232019,104132,127887,9590,19840,11994,7846,23197,31720,29015,2705,,,86.0,11.4,3.4,,240.0,,1549.5,Jajarkot,172565.0,2230.0,158.0,1092.0,7.0,,,,10.5,,,4945.0,143249.0,,641.0,220.0,1531.0,7166.0,18432.5,,989.93,,1297.0,0.0,305.0,479.0,4744.0,947.5,,232.0,0.0,42.5,0.0,52.0,141.0,0.0,579.0,62.0,Dolpa,210.0,0.0,0.0,0.0,0.0,47.0,163.0,,,,,,,,,,,,,,,,,pyuthan,pyuthan,pyuthan,78,80
,231786.0,10928.6,,115538.0,704.3,11085.0,351.45,125672.0,4230.0,140.10000000000002,165663.0,230090.0,117661.0,50,5,50,Gulmi,66125,246494,112025,134469,18889,51841,28913,22928,27183,41550,35479,6071,,,86.0,11.4,3.4,,240.0,,1549.5,Dolpa,36701.0,7889.0,0.0,0.0,0.0,,,,10.5,,,4945.0,143249.0,,641.0,220.0,1531.0,7166.0,18432.5,,989.93,,1297.0,0.0,305.0,479.0,4744.0,947.5,,232.0,0.0,42.5,0.0,52.0,141.0,0.0,579.0,63.0,Jumla,99.0,0.0,0.0,0.0,1.0,97.0,1.0,,,,,,,,,,,,,,,,,gulmi,gulmi,gulmi,78,80
,231786.0,10928.6,,115538.0,704.3,11085.0,351.45,125672.0,4230.0,140.10000000000002,165663.0,230090.0,117661.0,50,5,51,Arghakhanchi,48465,177086,80672,96414,13227,37063,20956,16107,20364,29934,26270,3664,,,86.0,11.4,3.4,,240.0,,1549.5,Jumla,108734.0,2531.0,96.0,1133.0,4.0,,,,10.5,,,4945.0,143249.0,,641.0,220.0,1531.0,7166.0,18432.5,,989.93,,1297.0,0.0,305.0,479.0,4744.0,947.5,,232.0,0.0,42.5,0.0,52.0,141.0,0.0,579.0,64.0,Kalikot,1.0,0.0,0.0,0.0,0.0,1.0,0.0,,,,,,,,,,,,,,,,,arghakhanchi,arghakhanchi,arghakhanchi,78,80
,231786.0,10928.6,,115538.0,704.3,11085.0,351.45,125672.0,4230.0,140.10000000000002,165663.0,230090.0,117661.0,50,5,52,Palpa,65049,245027,112761,132266,16961,46182,25313,20869,22955,30698,27786,2912,,,86.0,11.4,3.4,,240.0,,1549.5,Kalikot,141620.0,1741.0,106.0,1336.0,6.0,,,,10.5,,,4945.0,143249.0,,641.0,220.0,1531.0,7166.0,18432.5,,989.93,,1297.0,0.0,305.0,479.0,4744.0,947.5,,232.0,0.0,42.5,0.0,52.0,141.0,0.0,579.0,65.0,Mugu,125.0,0.0,0.0,0.0,3.0,93.0,29.0,,,,,,,,,,,,,,,,,palpa,palpa,palpa,78,80
,231786.0,10928.6,,115538.0,704.3,11085.0,351.45,125672.0,4230.0,140.10000000000002,165663.0,230090.0,117661.0,50,5,53,Nawalparasi (Bardaghat Susta West),82738,386868,188182,198686,5408,10137,6262,3875,21924,27942,24570,3372,,,86.0,11.4,3.4,,240.0,,1549.5,Mugu,55311.0,3535.0,28.0,0.0,1.0,,,,10.5,,,4945.0,143249.0,,641.0,220.0,1531.0,7166.0,18432.5,,989.93,,1297.0,0.0,305.0,479.0,4744.0,947.5,,232.0,0.0,42.5,0.0,52.0,141.0,0.0,579.0,66.0,Humla,381.0,0.0,0.0,0.0,0.0,147.0,234.0,,,,,,,,,,,,,,,,,nawalparasi (bardaghat susta west),nawalpur,nawalpur,78,80
,231786.0,10928.6,,115538.0,704.3,11085.0,351.45,125672.0,4230.0,140.10000000000002,165663.0,230090.0,117661.0,50,5,54,Rupandehi,238320,1121957,550478,571479,13696,27216,16313,10903,58935,79818,67233,12585,,,86.0,11.4,3.4,,240.0,,1549.5,Humla,51008.0,5655.0,60.0,0.0,1.0,,,,10.5,,,4945.0,143249.0,,641.0,220.0,1531.0,7166.0,18432.5,,989.93,,1297.0,0.0,305.0,479.0,4744.0,947.5,,232.0,0.0,42.5,0.0,52.0,141.0,0.0,579.0,67.0,Bajura,57.0,0.0,0.0,0.0,5.0,45.0,7.0,,,,,,,,,,,,,,,,,rupandehi,rupandehi,rupandehi,78,80
,231786.0,10928.6,,115538.0,704.3,11085.0,351.45,125672.0,4230.0,140.10000000000002,165663.0,230090.0,117661.0,50,5,55,Kapilbastu,121946,682961,334687,348274,7091,14791,9209,5582,31072,43881,39273,4608,,,86.0,11.4,3.4,,240.0,,1549.5,Bajura,135506.0,2188.0,50.0,2710.0,2.0,,,,10.5,,,4945.0,143249.0,,641.0,220.0,1531.0,7166.0,18432.5,,989.93,,1297.0,0.0,305.0,479.0,4744.0,947.5,,232.0,0.0,42.5,0.0,52.0,141.0,0.0,579.0,68.0,Bajhang,25.0,0.0,0.0,0.0,2.0,19.0,4.0,,,,,,,,,,,,,,,,,kapilbastu,kapilbastu,kapilbastu,78,80
,231786.0,10928.6,,115538.0,704.3,11085.0,351.45,125672.0,4230.0,140.10000000000002,165663.0,230090.0,117661.0,50,5,56,Dang,162316,674993,320573,354420,17024,33802,20763,13039,41798,53394,47199,6195,,,86.0,11.4,3.4,,240.0,,1549.5,Bajhang,196277.0,3422.0,101.08,1942.0,3.0,,,,10.5,,,4945.0,143249.0,,641.0,220.0,1531.0,7166.0,18432.5,,989.93,,1297.0,0.0,305.0,479.0,4744.0,947.5,,232.0,0.0,42.5,0.0,52.0,141.0,0.0,579.0,69.0,Achham,13.0,0.0,0.0,3.0,7.0,3.0,0.0,,,,,,,,,,,,,,,,,dang,dang,dang,78,80
,231786.0,10928.6,,115538.0,704.3,11085.0,351.45,125672.0,4230.0,140.10000000000002,165663.0,230090.0,117661.0,50,5,57,Banke,129307,603194,296745,306449,11774,20828,13989,6839,22492,29594,25697,3897,,,86.0,11.4,3.4,,240.0,,1549.5,Achham,258022.0,1680.0,144.0,1792.0,9.0,,,,10.5,,,4945.0,143249.0,,641.0,220.0,1531.0,7166.0,18432.5,,989.93,,1297.0,0.0,305.0,479.0,4744.0,947.5,,232.0,0.0,42.5,0.0,52.0,141.0,0.0,579.0,70.0,Doti,19.0,0.0,0.0,9.0,4.0,6.0,0.0,,,,,,,,,,,,,,,,,banke,banke,banke,78,80
,231786.0,10928.6,,115538.0,704.3,11085.0,351.45,125672.0,4230.0,140.10000000000002,165663.0,230090.0,117661.0,50,5,58,Bardiya,106326,459900,216766,243134,21901,39947,27261,12686,20593,29243,24472,4771,,,86.0,11.4,3.4,,240.0,,1549.5,Doti,211827.0,2025.0,224.46,944.0,11.0,,,,10.5,,,4945.0,143249.0,,641.0,220.0,1531.0,7166.0,18432.5,,989.93,,1297.0,0.0,305.0,479.0,4744.0,947.5,,232.0,0.0,42.5,0.0,52.0,141.0,0.0,579.0,71.0,Kailali,114.0,0.0,113.0,1.0,0.0,0.0,0.0,,,,,,,,,,,,,,,,,bardiya,bardiya,bardiya,78,80
,231786.0,10928.6,,115538.0,704.3,11085.0,351.45,125672.0,4230.0,140.10000000000002,165663.0,230090.0,117661.0,50,6,59,Dolpa,9398,42774,21371,21403,1031,2139,1180,959,324,430,327,103,,,86.0,11.4,3.4,,240.0,,1549.5,Kailali,770279.0,3235.0,311.6,2472.0,10.0,,,,10.5,,,4945.0,143249.0,,641.0,220.0,1531.0,7166.0,18432.5,,989.93,,1297.0,0.0,305.0,479.0,4744.0,947.5,,232.0,0.0,42.5,0.0,52.0,141.0,0.0,579.0,72.0,Kanchanpur,85.0,2.0,79.0,4.0,0.0,0.0,0.0,,,,,,,,,,,,,,,,,dolpa,dolpa,dolpa,78,80
,231786.0,10928.6,,115538.0,704.3,11085.0,351.45,125672.0,4230.0,140.10000000000002,165663.0,230090.0,117661.0,50,6,60,Mugu,12439,64549,32381,32168,2194,5795,3450,2345,730,1116,870,246,,,86.0,11.4,3.4,,240.0,,1549.5,Kanchanpur,444315.0,1610.0,155.42,2859.0,10.0,,,,10.5,,,4945.0,143249.0,,641.0,220.0,1531.0,7166.0,18432.5,,989.93,,1297.0,0.0,305.0,479.0,4744.0,947.5,,232.0,0.0,42.5,0.0,52.0,141.0,0.0,579.0,73.0,Dadheldhura,2.0,0.0,0.0,2.0,0.0,0.0,0.0,,,,,,,,,,,,,,,,,mugu,mugu,mugu,78,80
,231786.0,10928.6,,115538.0,704.3,11085.0,351.45,125672.0,4230.0,140.10000000000002,165663.0,230090.0,117661.0,50,6,61,Humla,11228,55394,27886,27508,3843,10529,5938,4591,525,796,514,282,,,86.0,11.4,3.4,,240.0,,1549.5,Dadeldhura,141543.0,1538.0,161.08,879.0,10.0,,,,10.5,,,4945.0,143249.0,,641.0,220.0,1531.0,7166.0,18432.5,,989.93,,1297.0,0.0,305.0,479.0,4744.0,947.5,,232.0,0.0,42.5,0.0,52.0,141.0,0.0,579.0,74.0,Baitadi,1.0,0.0,0.0,1.0,0.0,0.0,0.0,,,,,,,,,,,,,,,,,humla,humla,humla,78,80
,231786.0,10928.6,,115538.0,704.3,11085.0,351.45,125672.0,4230.0,140.10000000000002,165663.0,230090.0,117661.0,50,6,62,Jumla,24438,118349,59228,59121,3695,9548,5556,3992,1592,2703,1987,716,,,86.0,11.4,3.4,,240.0,,1549.5,Baitadi,252116.0,1519.0,238.62,1057.0,16.0,,,,10.5,,,4945.0,143249.0,,641.0,220.0,1531.0,7166.0,18432.5,,989.93,,1297.0,0.0,305.0,479.0,4744.0,947.5,,232.0,0.0,42.5,0.0,52.0,141.0,0.0,579.0,75.0,Darchula,19.0,0.0,0.0,1.0,0.0,16.0,2.0,,,,,,,,,,,,,,,,,jumla,jumla,jumla,78,80
,231786.0,10928.6,,115538.0,704.3,11085.0,351.45,125672.0,4230.0,140.10000000000002,165663.0,230090.0,117661.0,50,6,63,Kalikot,26779,145292,72245,73047,3991,12373,7090,5283,2746,5586,3923,1663,,,86.0,11.4,3.4,,240.0,,1549.5,Darchula,133464.0,2322.0,121.42,1099.0,5.0,,,,10.5,,,4945.0,143249.0,,641.0,220.0,1531.0,7166.0,18432.5,,989.93,,1297.0,0.0,305.0,479.0,4744.0,947.5,,232.0,0.0,42.5,0.0,52.0,141.0,0.0,579.0,38.0,,30.0,0.0,0.0,1.0,0.0,0.0,0.0,,,,,,,,,,,,,,,,,kalikot,kalikot,kalikot,78,80
,231786.0,10928.6,,115538.0,704.3,11085.0,351.45,125672.0,4230.0,140.10000000000002,165663.0,230090.0,117661.0,50,6,64,Dailekh,54610,252313,120774,131539,8030,21179,12386,8793,12249,19343,16235,3108,,,86.0,11.4,3.4,,240.0,,1549.5,Total of Nepal,26620809.0,147181.0,12898.2,2064.0,9.0,,,,10.5,,,4945.0,143249.0,,641.0,220.0,1531.0,7166.0,18432.5,,989.93,,1297.0,0.0,305.0,479.0,4744.0,947.5,,232.0,0.0,42.5,0.0,52.0,141.0,0.0,579.0,38.0,,30.0,0.0,0.0,1.0,0.0,0.0,0.0,,,,,,,,,,,,,,,,,dailekh,dailekh,dailekh,78,80
,231786.0,10928.6,,115538.0,704.3,11085.0,351.45,125672.0,4230.0,140.10000000000002,165663.0,230090.0,117661.0,50,6,65,Jajarkot,37466,189360,94063,95297,3887,8999,5340,3659,3791,6136,4724,1412,,,86.0,11.4,3.4,,240.0,,1549.5,,269698.5,1697.5,173.62,1394.5,11.0,,,,10.5,,,4945.0,143249.0,,641.0,220.0,1531.0,7166.0,18432.5,,989.93,,1297.0,0.0,305.0,479.0,4744.0,947.5,,232.0,0.0,42.5,0.0,52.0,141.0,0.0,579.0,38.0,,30.0,0.0,0.0,1.0,0.0,0.0,0.0,,,,,,,,,,,,,,,,,jajarkot,jajarkot,jajarkot,78,80
,231786.0,10928.6,,115538.0,704.3,11085.0,351.45,125672.0,4230.0,140.10000000000002,165663.0,230090.0,117661.0,50,6,66,Rukum (West),37303,166740,81091,85649,4887,10579,6150,4429,7231,10193,8518,1675,,,86.0,11.4,3.4,,240.0,,1549.5,,269698.5,1697.5,173.62,1394.5,11.0,,,,10.5,,,4945.0,143249.0,,641.0,220.0,1531.0,7166.0,18432.5,,989.93,,1297.0,0.0,305.0,479.0,4744.0,947.5,,232.0,0.0,42.5,0.0,52.0,141.0,0.0,579.0,38.0,,30.0,0.0,0.0,1.0,0.0,0.0,0.0,,,,,,,,,,,,,,,,,rukum (west),western_rukum,western_rukum,78,80
,231786.0,10928.6,,115538.0,704.3,11085.0,351.45,125672.0,4230.0,140.10000000000002,165663.0,230090.0,117661.0,50,6,67,Salyan,54701,238515,114982,123533,5948,13224,7683,5541,12800,17024,14745,2279,,,86.0,11.4,3.4,,240.0,,1549.5,,269698.5,1697.5,173.62,1394.5,11.0,,,,10.5,,,4945.0,143249.0,,641.0,220.0,1531.0,7166.0,18432.5,,989.93,,1297.0,0.0,305.0,479.0,4744.0,947.5,,232.0,0.0,42.5,0.0,52.0,141.0,0.0,579.0,38.0,,30.0,0.0,0.0,1.0,0.0,0.0,0.0,,,,,,,,,,,,,,,,,salyan,salyan,salyan,78,80
,231786.0,10928.6,,115538.0,704.3,11085.0,351.45,125672.0,4230.0,140.10000000000002,165663.0,230090.0,117661.0,50,6,68,Surkhet,97893,415126,199740,215386,14399,27282,17279,10003,20740,30993,25435,5558,,,86.0,11.4,3.4,,240.0,,1549.5,,269698.5,1697.5,173.62,1394.5,11.0,,,,10.5,,,4945.0,143249.0,,641.0,220.0,1531.0,7166.0,18432.5,,989.93,,1297.0,0.0,305.0,479.0,4744.0,947.5,,232.0,0.0,42.5,0.0,52.0,141.0,0.0,579.0,38.0,,30.0,0.0,0.0,1.0,0.0,0.0,0.0,,,,,,,,,,,,,,,,,surkhet,surkhet,surkhet,78,80
,231786.0,10928.6,,115538.0,704.3,11085.0,351.45,125672.0,4230.0,140.10000000000002,165663.0,230090.0,117661.0,50,7,69,Bajura,28065,138523,67070,71453,5383,14898,8812,6086,6182,14339,9621,4718,,,86.0,11.4,3.4,,240.0,,1549.5,,269698.5,1697.5,173.62,1394.5,11.0,,,,10.5,,,4945.0,143249.0,,641.0,220.0,1531.0,7166.0,18432.5,,989.93,,1297.0,0.0,305.0,479.0,4744.0,947.5,,232.0,0.0,42.5,0.0,52.0,141.0,0.0,579.0,38.0,,30.0,0.0,0.0,1.0,0.0,0.0,0.0,,,,,,,,,,,,,,,,,bajura,bajura,bajura,78,80
,231786.0,10928.6,,115538.0,704.3,11085.0,351.45,125672.0,4230.0,140.10000000000002,165663.0,230090.0,117661.0,50,7,70,Bajhang,38048,189085,88470,100615,7068,19402,11909,7493,12593,34093,22170,11923,,,86.0,11.4,3.4,,240.0,,1549.5,,269698.5,1697.5,173.62,1394.5,11.0,,,,10.5,,,4945.0,143249.0,,641.0,220.0,1531.0,7166.0,18432.5,,989.93,,1297.0,0.0,305.0,479.0,4744.0,947.5,,232.0,0.0,42.5,0.0,52.0,141.0,0.0,579.0,38.0,,30.0,0.0,0.0,1.0,0.0,0.0,0.0,,,,,,,,,,,,,,,,,bajhang,bajhang,bajhang,78,80
,231786.0,10928.6,,115538.0,704.3,11085.0,351.45,125672.0,4230.0,140.10000000000002,165663.0,230090.0,117661.0,50,7,71,Darchula,28417,133310,64424,68886,7162,18418,11144,7274,5088,7448,6342,1106,,,86.0,11.4,3.4,,240.0,,1549.5,,269698.5,1697.5,173.62,1394.5,11.0,,,,10.5,,,4945.0,143249.0,,641.0,220.0,1531.0,7166.0,18432.5,,989.93,,1297.0,0.0,305.0,479.0,4744.0,947.5,,232.0,0.0,42.5,0.0,52.0,141.0,0.0,579.0,38.0,,30.0,0.0,0.0,1.0,0.0,0.0,0.0,,,,,,,,,,,,,,,,,darchula,darchula,darchula,78,80
,231786.0,10928.6,,115538.0,704.3,11085.0,351.45,125672.0,4230.0,140.10000000000002,165663.0,230090.0,117661.0,50,7,72,Baitadi,49428,242157,113864,128293,8189,20048,12932,7116,13117,22821,18581,4240,,,86.0,11.4,3.4,,240.0,,1549.5,,269698.5,1697.5,173.62,1394.5,11.0,,,,10.5,,,4945.0,143249.0,,641.0,220.0,1531.0,7166.0,18432.5,,989.93,,1297.0,0.0,305.0,479.0,4744.0,947.5,,232.0,0.0,42.5,0.0,52.0,141.0,0.0,579.0,38.0,,30.0,0.0,0.0,1.0,0.0,0.0,0.0,,,,,,,,,,,,,,,,,baitadi,baitadi,baitadi,78,80
,231786.0,10928.6,,115538.0,704.3,11085.0,351.45,125672.0,4230.0,140.10000000000002,165663.0,230090.0,117661.0,50,7,73,Dadeldhura,31193,139602,65893,73709,5658,13528,8412,5116,9233,15518,12689,2829,,,86.0,11.4,3.4,,240.0,,1549.5,,269698.5,1697.5,173.62,1394.5,11.0,,,,10.5,,,4945.0,143249.0,,641.0,220.0,1531.0,7166.0,18432.5,,989.93,,1297.0,0.0,305.0,479.0,4744.0,947.5,,232.0,0.0,42.5,0.0,52.0,141.0,0.0,579.0,38.0,,30.0,0.0,0.0,1.0,0.0,0.0,0.0,,,,,,,,,,,,,,,,,dadeldhura,dadeldhura,dadeldhura,78,80
,231786.0,10928.6,,115538.0,704.3,11085.0,351.45,125672.0,4230.0,140.10000000000002,165663.0,230090.0,117661.0,50,7,74,Doti,45182,204831,93604,111227,6084,13890,8625,5265,17629,28574,23759,4815,,,86.0,11.4,3.4,,240.0,,1549.5,,269698.5,1697.5,173.62,1394.5,11.0,,,,10.5,,,4945.0,143249.0,,641.0,220.0,1531.0,7166.0,18432.5,,989.93,,1297.0,0.0,305.0,479.0,4744.0,947.5,,232.0,0.0,42.5,0.0,52.0,141.0,0.0,579.0,38.0,,30.0,0.0,0.0,1.0,0.0,0.0,0.0,,,,,,,,,,,,,,,,,doti,doti,doti,78,80
,231786.0,10928.6,,115538.0,704.3,11085.0,351.45,125672.0,4230.0,140.10000000000002,165663.0,230090.0,117661.0,50,7,75,Achham,49595,228852,105319,123533,8193,19969,12302,7667,19409,44167,31056,13111,,,86.0,11.4,3.4,,240.0,,1549.5,,269698.5,1697.5,173.62,1394.5,11.0,,,,10.5,,,4945.0,143249.0,,641.0,220.0,1531.0,7166.0,18432.5,,989.93,,1297.0,0.0,305.0,479.0,4744.0,947.5,,232.0,0.0,42.5,0.0,52.0,141.0,0.0,579.0,38.0,,30.0,0.0,0.0,1.0,0.0,0.0,0.0,,,,,,,,,,,,,,,,,achham,achham,achham,78,80
,231786.0,10928.6,,115538.0,704.3,11085.0,351.45,125672.0,4230.0,140.10000000000002,165663.0,230090.0,117661.0,50,7,76,Kailali,195957,904666,433456,471210,25584,57569,34722,22847,52807,110328,79947,30381,,,86.0,11.4,3.4,,240.0,,1549.5,,269698.5,1697.5,173.62,1394.5,11.0,,,,10.5,,,4945.0,143249.0,,641.0,220.0,1531.0,7166.0,18432.5,,989.93,,1297.0,0.0,305.0,479.0,4744.0,947.5,,232.0,0.0,42.5,0.0,52.0,141.0,0.0,579.0,38.0,,30.0,0.0,0.0,1.0,0.0,0.0,0.0,,,,,,,,,,,,,,,,,kailali,kailali,kailali,78,80
,231786.0,10928.6,,115538.0,704.3,11085.0,351.45,125672.0,4230.0,140.10000000000002,165663.0,230090.0,117661.0,50,7,77,Kanchanpur,111217,513757,240686,273071,17569,32385,21604,10781,36057,66235,51596,14639,,,86.0,11.4,3.4,,240.0,,1549.5,,269698.5,1697.5,173.62,1394.5,11.0,,,,10.5,,,4945.0,143249.0,,641.0,220.0,1531.0,7166.0,18432.5,,989.93,,1297.0,0.0,305.0,479.0,4744.0,947.5,,232.0,0.0,42.5,0.0,52.0,141.0,0.0,579.0,38.0,,30.0,0.0,0.0,1.0,0.0,0.0,0.0,,,,,,,,,,,,,,,,,kanchanpur,kanchanpur,kanchanpur,78,80
