district,year,rainfall_mm,altitude_m,loss_million_nrs,affected_families,drought_index,heat_stress_index,monsoon_season,rainfall_lag1,drought_index_lag1,district_matched,longitude,latitude,distance_to_kathmandu,ndvi_placeholder,pca1,pca2,pca3
bara,2016,,,0.5598507378539369,-0.5642219603150638,,,1,,,bara,,,,0.8252323035659818,-0.029439009542588483,0.7723715553382144,0.8457914336571201
bara,2016,,,0.5598507378539369,-0.5642219603150638,,,1,,,bara,,,,1.7150375062520364,-0.058754494390219014,1.659885425462602,0.9024750416240662
bara,2016,,,0.5598507378539369,-0.5642219603150638,,,1,,,bara,,,,-0.2340427551703306,0.005459822066978579,-0.2841757699273143,0.7783120213348279
bara,2016,,,0.5598507378539369,-0.5642219603150638,,,1,,,bara,,,,1.2519916350391924,-0.04349900455905043,1.198031941166639,0.8729774498418315
bara,2016,,,0.5598507378539369,-0.5642219603150638,,,1,,,bara,,,,0.2614588898832519,-0.010864954326433213,0.21004991152182587,0.8098771559400297
bara,2016,,,0.5598507378539369,-0.5642219603150638,,,1,,,bara,,,,1.530035828584547,-0.052659436885412504,1.475360144614015,0.8906898075767989
bara,2016,,,0.5598507378539369,-0.5642219603150638,,,1,,,bara,,,,1.1412116072161353,-0.03984925041368976,1.0875371823936695,0.8659203865107407
bara,2016,,,0.5598507378539369,-0.5642219603150638,,,1,,,bara,,,,-1.3682722208128104,0.04282809841938128,-1.4154844874114518,0.7060577591873844
bara,2016,,,0.5598507378539369,-0.5642219603150638,,,1,,,bara,,,,-0.24677861924004937,0.005879417309881483,-0.2968788379423957,0.7775007036173444
bara,2016,,,0.5598507378539369,-0.5642219603150638,,,1,,,bara,,,,-0.8093024606693501,0.0244123041710408,-0.857954127272102,0.7416660278890105
bara,2016,,,0.5598507378539369,-0.5642219603150638,,,1,,,bara,,,,-1.569526046376127,0.04945859850638819,-1.6162200653377785,0.6932372082222491
bara,2016,,,0.5598507378539369,-0.5642219603150638,,,1,,,bara,,,,0.9494749961987001,-0.033532304077514175,0.8962943112855558,0.8537061143767782
bara,2016,,,0.5598507378539369,-0.5642219603150638,,,1,,,bara,,,,-1.5282691451812072,0.04809935037186521,-1.5750694045658369,0.6958654126946486
bara,2016,,,0.5598507378539369,-0.5642219603150638,,,1,,,bara,,,,-1.252592414130663,0.03901691636545501,-1.3001025671734139,0.7134269550426896
bara,2016,,,0.5598507378539369,-0.5642219603150638,,,1,,,bara,,,,-0.3053297644719633,0.0078084408823174785,-0.35527920843711125,0.7737707971700424
bara,2016,,,0.5598507378539369,-0.5642219603150638,,,1,,,bara,,,,-1.552549259766041,0.04889928200753308,-1.5992869955590112,0.6943186870828353
bara,2016,,,0.5598507378539369,-0.5642219603150638,,,1,,,bara,,,,-0.19814672803421152,0.004277193064110955,-0.24837217845639833,0.7805987199556187
bhojpur,2001,,,-0.6228994105998498,-0.49335929750625357,,,0,,,bhojpur,,,,-0.5091525579082764,-0.7722072599344451,-0.5280112141495773,-0.12467359312569283
bhojpur,2001,,,-0.6228994105998498,-0.49335929750625357,,,0,,,bhojpur,,,,-1.313760774186384,-0.7456986714238628,-1.3305474881646173,-0.17592986422954224
bhojpur,2001,,,-0.6228994105998498,-0.49335929750625357,,,0,,,bhojpur,,,,0.05892185526813839,-0.7909230156993341,0.03860035367997762,-0.08848532715990474
bhojpur,2001,,,-0.6228994105998498,-0.49335929750625357,,,0,,,bhojpur,,,,0.3829745205475781,-0.8015992412036993,0.3618185526948817,-0.06784207380074828
bhojpur,2001,,,-0.6228994105998498,-0.49335929750625357,,,0,,,bhojpur,,,,1.219629949159164,-0.8291636558262608,1.1963195144403647,-0.014544286627021138
bhojpur,2001,,,-0.6228994105998498,-0.49335929750625357,,,0,,,bhojpur,,,,0.3078583969448539,-0.7991244685493689,0.2868958602155063,-0.07262722552771089
bhojpur,2001,,,-0.6228994105998498,-0.49335929750625357,,,0,,,bhojpur,,,,-1.0509913553703576,-0.7543558616633312,-1.0684547254568333,-0.15919056142831423
bhojpur,2001,,,-0.6228994105998498,-0.49335929750625357,,,0,,,bhojpur,,,,-0.7020156126231264,-0.7658532018315102,-0.7203776282560372,-0.13695962354197191
bhojpur,2001,,,-0.6228994105998498,-0.49335929750625357,,,0,,,bhojpur,,,,1.1974746964326932,-0.8284337298001625,1.174221313585282,-0.01595565133489752
dhankuta,2002,,,-0.6234635244825438,0.17161252930892903,,,0,,,dhankuta,,,,0.10180345507134252,-0.3232802326252911,0.12682896688929848,-0.5549106904646888
dhankuta,2002,,,-0.6234635244825438,0.17161252930892903,,,0,,,dhankuta,,,,0.435372086765692,-0.334269970759617,0.4595386278054993,-0.5336612377845336
dhankuta,2002,,,-0.6234635244825438,0.17161252930892903,,,0,,,dhankuta,,,,-0.1316230935297252,-0.3155897713559118,-0.10599648626980894,-0.5697807529570618
dhankuta,2002,,,-0.6234635244825438,0.17161252930892903,,,0,,,dhankuta,,,,0.20493160286199413,-0.32667788825238203,0.22969154994472063,-0.5483410778325348
dhankuta,2002,,,-0.6234635244825438,0.17161252930892903,,,0,,,dhankuta,,,,1.4040524850760074,-0.36618407449056817,1.425724582464781,-0.47195301245910787
dhankuta,2002,,,-0.6234635244825438,0.17161252930892903,,,0,,,dhankuta,,,,1.1995023856821245,-0.3594449755043394,1.221701218924789,-0.4849835472420491
dhankuta,2002,,,-0.6234635244825438,0.17161252930892903,,,0,,,dhankuta,,,,-0.15677461585946315,-0.31476113035726794,-0.1310832410505197,-0.5713829901964115
dhanusha,2012,,,-0.22578911396691606,-0.8191893815049184,,,1,,,dhanusha,,,,-0.9323000759263054,-0.7073517799348222,-0.9809733633665713,0.3585806995878143
dhanusha,2012,,,-0.22578911396691606,-0.8191893815049184,,,1,,,dhanusha,,,,1.3642793254888512,-0.7830147884678489,1.3096921288614607,0.5048805931620609
dhanusha,2012,,,-0.22578911396691606,-0.8191893815049184,,,1,,,dhanusha,,,,0.6418367465759945,-0.7592132255960308,0.5891099079235864,0.45885855171061934
dhanusha,2012,,,-0.22578911396691606,-0.8191893815049184,,,1,,,dhanusha,,,,-0.021150375814892965,-0.7373704796984417,-0.072169959916626,0.4166240244013896
dhanusha,2012,,,-0.22578911396691606,-0.8191893815049184,,,1,,,dhanusha,,,,-0.6918042068084451,-0.7152751467411297,-0.7410967938596739,0.37390110176302677
dhanusha,2012,,,-0.22578911396691606,-0.8191893815049184,,,1,,,dhanusha,,,,0.4620367813227875,-0.753289543490022,0.4097729445877964,0.4474046843786262
dhanusha,2012,,,-0.22578911396691606,-0.8191893815049184,,,1,,,dhanusha,,,,0.5817806319979877,-0.7572346193667072,0.529208443521196,0.45503277361392863
dhanusha,2012,,,-0.22578911396691606,-0.8191893815049184,,,1,,,dhanusha,,,,1.4200873141755674,-0.7848534361199231,1.3653564066985517,0.5084357512377748
dhanusha,2012,,,-0.22578911396691606,-0.8191893815049184,,,1,,,dhanusha,,,,-0.9044045461687669,-0.7082708248869704,-0.9531496672367363,0.36035773940285853
dhanusha,2012,,,-0.22578911396691606,-0.8191893815049184,,,1,,,dhanusha,,,,1.3912200809475443,-0.7839023774660351,1.33656350932658,0.5065968106174591
dhanusha,2012,,,-0.22578911396691606,-0.8191893815049184,,,1,,,dhanusha,,,,-0.05814061395260539,-0.736151800865858,-0.10906494469230717,0.4142676208302792
dhanusha,2012,,,-0.22578911396691606,-0.8191893815049184,,,1,,,dhanusha,,,,-0.39216631780511363,-0.7251470040514003,-0.44223050076262604,0.39298905110411503
dhanusha,2012,,,-0.22578911396691606,-0.8191893815049184,,,1,,,dhanusha,,,,-1.2968716151188284,-0.695340621311774,-1.34460609636164,0.3353562565961202
dhanusha,2012,,,-0.22578911396691606,-0.8191893815049184,,,1,,,dhanusha,,,,1.5856893090562056,-0.7903093524901644,1.5305319607784376,0.5189851597240616
dhanusha,2012,,,-0.22578911396691606,-0.8191893815049184,,,1,,,dhanusha,,,,-0.6725293769025615,-0.7159101744779207,-0.7218715984639624,0.3751289737722222
dhanusha,2012,,,-0.22578911396691606,-0.8191893815049184,,,1,,,dhanusha,,,,0.41908893816232257,-0.7518745856524994,0.3669356961858133,0.44466876117050735
dhanusha,2012,,,-0.22578911396691606,-0.8191893815049184,,,1,,,dhanusha,,,,-1.5601309133748933,-0.6866672915248426,-1.6071874770235677,0.3185857468138064
dhanusha,2012,,,-0.22578911396691606,-0.8191893815049184,,,1,,,dhanusha,,,,0.07212337353722341,-0.7404434727283312,0.020863600708346374,0.4225658784453112
ilam,2005,,,-0.6950645847309002,-0.8013873627265522,,,0,,,ilam,,,,-1.3881622674360319,-1.0117626689565802,-1.4242390034044876,-0.01450950396643896
ilam,2005,,,-0.6950645847309002,-0.8013873627265522,,,0,,,ilam,,,,-1.3810049793946841,-1.0119984726678788,-1.4171001460568389,-0.014053560454063916
ilam,2005,,,-0.6950645847309002,-0.8013873627265522,,,0,,,ilam,,,,0.13928773550821658,-1.062085972620859,0.09927767130398603,0.08279423947610265
ilam,2005,,,-0.6950645847309002,-0.8013873627265522,,,0,,,ilam,,,,-0.03983890082950265,-1.0561844739810289,-0.07938769700196231,0.07138326547869904
ilam,2005,,,-0.6950645847309002,-0.8013873627265522,,,0,,,ilam,,,,1.4274874332580383,-1.1045269457755542,1.3841601329840776,0.16485692738797889
ilam,2005,,,-0.6950645847309002,-0.8013873627265522,,,0,,,ilam,,,,0.7112492173502291,-1.080929791586799,0.6697662982296554,0.11923012489355972
ilam,2005,,,-0.6950645847309002,-0.8013873627265522,,,0,,,ilam,,,,1.5813376286053733,-1.1095956878517916,1.5376141495260358,0.174657706403859
ilam,2005,,,-0.6950645847309002,-0.8013873627265522,,,0,,,ilam,,,,0.9694809365807204,-1.0894374829662459,0.9273330463575482,0.13568036084779495
ilam,2005,,,-0.6950645847309002,-0.8013873627265522,,,0,,,ilam,,,,0.11093108962723591,-1.0611517357562685,0.07099404646834272,0.0809878250007513
ilam,2005,,,-0.6950645847309002,-0.8013873627265522,,,0,,,ilam,,,,-0.33701604570248667,-1.0463936882435578,-0.37579958261755475,0.05245207388095789
jhapa,2006,,,-0.6924251528026992,-0.41059319527549104,,,0,,,jhapa,,,,1.373701549434798,-0.8249960064623667,1.357162806899411,-0.1121874148467689
jhapa,2006,,,-0.6924251528026992,-0.41059319527549104,,,0,,,jhapa,,,,0.2978737913488892,-0.7895518303150225,0.2841054070507954,-0.1807212902334429
jhapa,2006,,,-0.6924251528026992,-0.41059319527549104,,,0,,,jhapa,,,,-0.6197006528301436,-0.7593214612031056,-0.6311061961430936,-0.2391738930248471
jhapa,2006,,,-0.6924251528026992,-0.41059319527549104,,,0,,,jhapa,,,,0.014979056213154712,-0.7802315922490825,0.0019391526164368052,-0.198742643911687
jhapa,2006,,,-0.6924251528026992,-0.41059319527549104,,,0,,,jhapa,,,,1.723918244299082,-0.8365342309868905,1.7064776606481795,-0.08987742410358059
jhapa,2006,,,-0.6924251528026992,-0.41059319527549104,,,0,,,jhapa,,,,-0.4755251823702127,-0.7640714601994133,-0.487301991156843,-0.2299894267828755
jhapa,2006,,,-0.6924251528026992,-0.41059319527549104,,,0,,,jhapa,,,,-1.2745352193015533,-0.73774730907054,-1.2842545016664535,-0.28088907488377685
jhapa,2006,,,-0.6924251528026992,-0.41059319527549104,,,0,,,jhapa,,,,-0.9449615287805453,-0.7486054300407038,-0.9555294945721998,-0.25989411349973585
jhapa,2006,,,-0.6924251528026992,-0.41059319527549104,,,0,,,jhapa,,,,-1.6528962332058679,-0.7252818429926129,-1.6616412001716143,-0.3049919541627323
jhapa,2006,,,-0.6924251528026992,-0.41059319527549104,,,0,,,jhapa,,,,1.259068460043916,-0.8212193095123701,1.2428249085566068,-0.11948993126211206
jhapa,2006,,,-0.6924251528026992,-0.41059319527549104,,,0,,,jhapa,,,,0.7182484527454894,-0.8034014762592122,0.7033975639319691,-0.15394199917747695
jhapa,2006,,,-0.6924251528026992,-0.41059319527549104,,,0,,,jhapa,,,,0.7517011354816874,-0.8045036069400683,0.7367641028459043,-0.15181094987821778
jhapa,2006,,,-0.6924251528026992,-0.41059319527549104,,,0,,,jhapa,,,,-0.4338292952033018,-0.7654451711473379,-0.4457134748433107,-0.22733325741584037
jhapa,2006,,,-0.6924251528026992,-0.41059319527549104,,,0,,,jhapa,,,,-1.2453061415371365,-0.7387102890393313,-1.2551006915419953,-0.27902708353979255
jhapa,2006,,,-0.6924251528026992,-0.41059319527549104,,,0,,,jhapa,,,,0.6078613718026825,-0.7997646681252697,0.5932947401638652,-0.16097403046015457
kabhrepalanchok,1983,,,-0.7712510110349158,-0.4262828849600064,,,0,,,kabhrepalanchok,,,,-0.615560146161704,-0.8263012258451307,-0.6263342628256593,-0.2835334000647836
kabhrepalanchok,1983,,,-0.7712510110349158,-0.4262828849600064,,,0,,,kabhrepalanchok,,,,1.0393655865271139,-0.8808243395492772,1.0243298795656375,-0.1781090204781409
kabhrepalanchok,1983,,,-0.7712510110349158,-0.4262828849600064,,,0,,,kabhrepalanchok,,,,-1.464090486710351,-0.7983455808724802,-1.4726795574867433,-0.33758765938640384
kabhrepalanchok,1983,,,-0.7712510110349158,-0.4262828849600064,,,0,,,kabhrepalanchok,,,,1.5546731578060045,-0.8978016411565207,1.538310485106656,-0.14528218122771042
kabhrepalanchok,1983,,,-0.7712510110349158,-0.4262828849600064,,,0,,,kabhrepalanchok,,,,-0.2975945289696007,-0.8367769077187861,-0.30918743717350605,-0.26327791230467845
kabhrepalanchok,1983,,,-0.7712510110349158,-0.4262828849600064,,,0,,,kabhrepalanchok,,,,-1.1379205193585267,-0.8090915629220234,-1.147349508652562,-0.31680952670730594
kabhrepalanchok,1983,,,-0.7712510110349158,-0.4262828849600064,,,0,,,kabhrepalanchok,,,,-0.9373479473054078,-0.8156996184594871,-0.9472934299442057,-0.3040323739003085
kabhrepalanchok,1983,,,-0.7712510110349158,-0.4262828849600064,,,0,,,kabhrepalanchok,,,,-1.2194527604528715,-0.8064054051302063,-1.2286717965141305,-0.32200340686996104
kabhrepalanchok,1983,,,-0.7712510110349158,-0.4262828849600064,,,0,,,kabhrepalanchok,,,,-0.07796172863739029,-0.8440129207368549,-0.09012021207674281,-0.24928655833963972
kabhrepalanchok,1983,,,-0.7712510110349158,-0.4262828849600064,,,0,,,kabhrepalanchok,,,,0.2566630277212791,-0.8550374539100282,0.24364285388287074,-0.22796982693796689
kabhrepalanchok,1983,,,-0.7712510110349158,-0.4262828849600064,,,0,,,kabhrepalanchok,,,,0.6001726278542905,-0.866354706773145,0.5862678843037092,-0.20608710086708767
kabhrepalanchok,1983,,,-0.7712510110349158,-0.4262828849600064,,,0,,,kabhrepalanchok,,,,-0.6658308948498667,-0.8246450078695579,-0.6764755595809486,-0.2867358171806229
kabhrepalanchok,1983,,,-0.7712510110349158,-0.4262828849600064,,,0,,,kabhrepalanchok,,,,-0.934722110123028,-0.8157861291810473,-0.9446743545409428,-0.30386509916985993
kailali,1994,,,-0.8002330086779079,-0.605140033328025,,,0,,,kailali,,,,0.6947487239471036,-1.0162434401742295,0.6690073885834789,-0.09445370222299285
kailali,1994,,,-0.8002330086779079,-0.605140033328025,,,0,,,kailali,,,,-1.0479031761641233,-0.9588301038415246,-1.0691570180512862,-0.20546653607760745
kailali,1994,,,-0.8002330086779079,-0.605140033328025,,,0,,,kailali,,,,0.05026873224417076,-0.9950104294272308,0.026186993819150038,-0.13550926256580978
kailali,1994,,,-0.8002330086779079,-0.605140033328025,,,0,,,kailali,,,,-0.47329515522413,-0.9777611155734672,-0.4960286671161437,-0.16886205714749583
kailali,1994,,,-0.8002330086779079,-0.605140033328025,,,0,,,kailali,,,,-1.4230077239917067,-0.9464719251582329,-1.4432956361878855,-0.22936196742762982
kailali,1994,,,-0.8002330086779079,-0.605140033328025,,,0,,,kailali,,,,-0.03823679453766612,-0.9920945300579395,-0.06209062285967718,-0.1411473646671073
kailali,1994,,,-0.8002330086779079,-0.605140033328025,,,0,,,kailali,,,,-1.3653496456235534,-0.9483715257872725,-1.3857860328252831,-0.22568895236716274
kailali,1994,,,-0.8002330086779079,-0.605140033328025,,,0,,,kailali,,,,-0.09829308750085712,-0.9901159179515452,-0.12199226518789306,-0.144973154127539
kailali,1994,,,-0.8002330086779079,-0.605140033328025,,,0,,,kailali,,,,-0.07254598203242191,-0.9909641810072699,-0.09631146095140211,-0.14333297622314958
kailali,1994,,,-0.8002330086779079,-0.605140033328025,,,0,,,kailali,,,,1.4862334893388394,-1.042319664022921,1.458454005839498,-0.044033439430817715
kailali,1994,,,-0.8002330086779079,-0.605140033328025,,,0,,,kailali,,,,-1.669764491128824,-0.938342287068658,-1.6894169813094355,-0.24508121003193092
kailali,1994,,,-0.8002330086779079,-0.605140033328025,,,0,,,kailali,,,,1.5655128843969723,-1.044931599643819,1.5375292489564896,-0.03898307319811161
kailali,1994,,,-0.8002330086779079,-0.605140033328025,,,0,,,kailali,,,,0.1576250889427413,-0.9985473874474732,0.1332668977446161,-0.12867029869204105
khotang,2000,,,-0.30469260254996217,-0.2544402633942097,,,1,,,khotang,,,,-0.8536360959119406,-0.36706540795631576,-0.8622001173282382,-0.09025496047087767
khotang,2000,,,-0.30469260254996217,-0.2544402633942097,,,1,,,khotang,,,,0.6985473483119894,-0.418203578538517,0.6859863077091389,0.008624387030775756
khotang,2000,,,-0.30469260254996217,-0.2544402633942097,,,1,,,khotang,,,,0.3681769584682541,-0.4073192095459175,0.3564666528682722,-0.0124213268010377
khotang,2000,,,-0.30469260254996217,-0.2544402633942097,,,1,,,khotang,,,,0.38473952441727544,-0.40786487914826497,0.3729865686433575,-0.011366235200823423
khotang,2000,,,-0.30469260254996217,-0.2544402633942097,,,1,,,khotang,,,,-0.9896541124965911,-0.3625841640928778,-0.9978678746545331,-0.0989197692461599
khotang,2000,,,-0.30469260254996217,-0.2544402633942097,,,1,,,khotang,,,,-0.35122015971454673,-0.3836179822954427,-0.3610779496889898,-0.058249362079465086
khotang,2000,,,-0.30469260254996217,-0.2544402633942097,,,1,,,khotang,,,,1.566488314011904,-0.44679872515241126,1.5516922433257165,0.063915168979086
khotang,2000,,,-0.30469260254996217,-0.2544402633942097,,,1,,,khotang,,,,0.28569821790648964,-0.40460186842238716,0.27420030286494007,-0.01767550218852422
khotang,2000,,,-0.30469260254996217,-0.2544402633942097,,,1,,,khotang,,,,0.10903379554007582,-0.3987814897806753,0.0979908080964255,-0.028929624808728748
khotang,2000,,,-0.30469260254996217,-0.2544402633942097,,,1,,,khotang,,,,0.07711610329918533,-0.39772993083222835,0.06615530693208081,-0.030962890009618577
mahottari,1988,,,2.2609904923631357,0.9491090569097551,,,1,,,mahottari,,,,-0.10263125730877744,2.2730093033774366,-0.08667663535059927,0.9215937559930183
mahottari,1988,,,2.2609904923631357,0.9491090569097551,,,1,,,mahottari,,,,-0.8427472213802581,2.2973931328546424,-0.824886730808627,0.8744458599918886
mahottari,1988,,,2.2609904923631357,0.9491090569097551,,,1,,,mahottari,,,,-1.5487004386917103,2.3206514379114758,-1.5290220518109137,0.8294742467755458
mahottari,1988,,,2.2609904923631357,0.9491090569097551,,,1,,,mahottari,,,,0.3451639355800585,2.258256261754004,0.3599654425605687,0.9501198278642226
mahottari,1988,,,2.2609904923631357,0.9491090569097551,,,1,,,mahottari,,,,-0.012912499255936027,2.2700534329416304,0.002811088413952717,0.9273091450392913
mahottari,1988,,,2.2609904923631357,0.9491090569097551,,,1,,,mahottari,,,,-1.5549000396216286,2.3208556897034116,-1.5352056881820306,0.8290793111788533
mahottari,1988,,,2.2609904923631357,0.9491090569097551,,,1,,,mahottari,,,,1.2675942719555051,2.2278659106216674,1.2800204335691572,1.008881767450647
mahottari,1988,,,2.2609904923631357,0.9491090569097551,,,1,,,mahottari,,,,-0.9600375932373292,2.301257376521199,-0.9418750688639234,0.8669740656749146
mahottari,1988,,,2.2609904923631357,0.9491090569097551,,,1,,,mahottari,,,,-0.7880879138415529,2.295592329603441,-0.7703681761569396,0.8779278431842952
mahottari,1988,,,2.2609904923631357,0.9491090569097551,,,1,,,mahottari,,,,-0.44057371673845974,2.284143141456688,-0.42374886098200354,0.9000656756582752
mahottari,1988,,,2.2609904923631357,0.9491090569097551,,,1,,,mahottari,,,,0.6537085338627759,2.248090964373779,0.6677155093181417,0.9697751647813153
mahottari,1988,,,2.2609904923631357,0.9491090569097551,,,1,,,mahottari,,,,0.564698070515725,2.251023499361947,0.5789342563335167,0.9641048965090128
mahottari,1988,,,2.2609904923631357,0.9491090569097551,,,1,,,mahottari,,,,-0.04183150246463197,2.2710061972071283,-0.026033445626094845,0.9254669064956997
mahottari,1988,,,2.2609904923631357,0.9491090569097551,,,1,,,mahottari,,,,-0.06412566772052838,2.2717406998395884,-0.04827020129770043,0.9240466925887673
mahottari,1988,,,2.2609904923631357,0.9491090569097551,,,1,,,mahottari,,,,-0.14841194843973624,2.274517592105253,-0.13233943687159927,0.9186773707654544
mahottari,1988,,,2.2609904923631357,0.9491090569097551,,,1,,,mahottari,,,,1.0368938702728232,2.235466556369136,1.0499141072422604,0.9941853697589693
mahottari,1988,,,2.2609904923631357,0.9491090569097551,,,1,,,mahottari,,,,1.340157956263028,2.2254752305251877,1.3523972595259461,1.0135043201414027
mahottari,1988,,,2.2609904923631357,0.9491090569097551,,,1,,,mahottari,,,,-0.4503401615101545,2.2844649063360745,-0.4334901562346243,0.8994435200167951
mahottari,1988,,,2.2609904923631357,0.9491090569097551,,,1,,,mahottari,,,,-1.3066279551760358,2.3126761280334147,-1.2875729278374048,0.8448950846328278
mahottari,1988,,,2.2609904923631357,0.9491090569097551,,,1,,,mahottari,,,,-0.06801460541312984,2.271868824617525,-0.05214912460789723,0.9237989540737419
mahottari,1988,,,2.2609904923631357,0.9491090569097551,,,1,,,mahottari,,,,-1.0160770322138586,2.303103649524804,-0.9977702009844389,0.8634041634310929
mahottari,1988,,,2.2609904923631357,0.9491090569097551,,,1,,,mahottari,,,,1.5392350669112878,2.2189164443963794,1.5509617277840133,1.026186206987101
mahottari,1988,,,2.2609904923631357,0.9491090569097551,,,1,,,mahottari,,,,1.5702810935461118,2.217893603306391,1.581927807963676,1.0281639441338242
mahottari,1988,,,2.2609904923631357,0.9491090569097551,,,1,,,mahottari,,,,-0.12373492601737354,2.273704583960635,-0.10772596011612035,0.9202493807520877
mahottari,1988,,,2.2609904923631357,0.9491090569097551,,,1,,,mahottari,,,,-0.8432053471272593,2.297408226246268,-0.8253436768384964,0.8744166758286985
mahottari,1988,,,2.2609904923631357,0.9491090569097551,,,1,,,mahottari,,,,0.11899630584244397,2.2657075709872867,0.1343802158622357,0.9357121831121344
mahottari,1988,,,2.2609904923631357,0.9491090569097551,,,1,,,mahottari,,,,1.6194793523436424,2.2162727195377245,1.630999376591246,1.0312980400077496
mahottari,1988,,,2.2609904923631357,0.9491090569097551,,,1,,,mahottari,,,,-1.4403457588011936,2.317081589177268,-1.42094639547015,0.8363768072210875
mahottari,1988,,,2.2609904923631357,0.9491090569097551,,,1,,,mahottari,,,,0.13697898609589737,2.265115114358691,0.1523165890130936,0.9368577408079141
mahottari,1988,,,2.2609904923631357,0.9491090569097551,,,1,,,mahottari,,,,0.07893661697683416,2.267027375814675,0.09442368448461419,0.9331602451238181
mahottari,2013,,,0.8774054509568574,-0.8440324972627877,,,0,,,mahottari,,,,-1.691440642593684,0.08059534869903053,-1.7638497352219864,1.107041611931372
mahottari,2013,,,0.8774054509568574,-0.8440324972627877,,,0,,,mahottari,,,,1.6543798367397349,-0.029635912332826326,1.5733549399032236,1.3201817192332954
mahottari,2013,,,0.8774054509568574,-0.8440324972627877,,,0,,,mahottari,,,,0.4339708634009097,0.010571630461739282,0.3560886351065923,1.2424375302858088
mahottari,2013,,,0.8774054509568574,-0.8440324972627877,,,0,,,mahottari,,,,-1.300920074466669,0.06772927445822298,-1.3743347944963944,1.1319190960367902
mahottari,2013,,,0.8774054509568574,-0.8440324972627877,,,0,,,mahottari,,,,-0.19004275452056407,0.031130356917451397,-0.2663180887246347,1.2026857473365509
mahottari,2013,,,0.8774054509568574,-0.8440324972627877,,,0,,,mahottari,,,,0.6193004111410284,0.004465770963286141,0.540940941731359,1.254243650768225
mahottari,2013,,,0.8774054509568574,-0.8440324972627877,,,0,,,mahottari,,,,-1.6772418994128409,0.0801275575023541,-1.7496875551478621,1.1079461200075853
mahottari,2013,,,0.8774054509568574,-0.8440324972627877,,,0,,,mahottari,,,,-0.10094404774867749,0.028194914665113514,-0.17744881955033973,1.208361637014172
mahottari,2013,,,0.8774054509568574,-0.8440324972627877,,,0,,,mahottari,,,,0.2908621686836809,0.015286483509218383,0.21334845881460243,1.2333210212751564
mahottari,2013,,,0.8774054509568574,-0.8440324972627877,,,0,,,mahottari,,,,-1.3612591623502046,0.06971720351418934,-1.4345185035212862,1.1280752915812209
mahottari,2013,,,0.8774054509568574,-0.8440324972627877,,,0,,,mahottari,,,,0.15434296332380448,0.01978423951700166,0.07718080332158415,1.224624285075797
mahottari,2013,,,0.8774054509568574,-0.8440324972627877,,,0,,,mahottari,,,,1.0886450298379133,-0.010997237138027468,1.0090769536408066,1.2841424941187698
mahottari,2013,,,0.8774054509568574,-0.8440324972627877,,,0,,,mahottari,,,,-1.6735073946857988,0.08000452066641685,-1.745962667123731,1.1081840206191567
mahottari,2013,,,0.8774054509568574,-0.8440324972627877,,,0,,,mahottari,,,,-1.5920482245604202,0.0773207702676752,-1.664713262066472,1.1133732459133685
mahottari,2013,,,0.8774054509568574,-0.8440324972627877,,,0,,,mahottari,,,,1.3923724152432106,-0.021003826825052432,1.3120222122997685,1.3034909582445902
mahottari,2013,,,0.8774054509568574,-0.8440324972627877,,,0,,,mahottari,,,,-1.4102445741179572,0.07133107483354952,-1.4833777732203126,1.1249547547846717
mahottari,2013,,,0.8774054509568574,-0.8440324972627877,,,0,,,mahottari,,,,-0.9700268459257424,0.05682768004385812,-1.0442936473174358,1.1529981164661063
mahottari,2013,,,0.8774054509568574,-0.8440324972627877,,,0,,,mahottari,,,,1.329747927086183,-0.018940603067632233,1.24955898812326,1.299501566043794
mahottari,2013,,,0.8774054509568574,-0.8440324972627877,,,0,,,mahottari,,,,0.7337403036921522,0.0006954390682605585,0.6550861407345415,1.261533859889913
mahottari,2013,,,0.8774054509568574,-0.8440324972627877,,,0,,,mahottari,,,,1.6287153943907544,-0.02879037269276437,1.547756585920836,1.318546807249854
mahottari,2013,,,0.8774054509568574,-0.8440324972627877,,,0,,,mahottari,,,,1.4750473557902704,-0.02372763194506049,1.3944842570548757,1.3087576322362837
mahottari,2013,,,0.8774054509568574,-0.8440324972627877,,,0,,,mahottari,,,,-0.3707959936502648,0.03708544554457022,-0.4466058711665183,1.1911711532269023
mahottari,2013,,,0.8774054509568574,-0.8440324972627877,,,0,,,mahottari,,,,0.6522189719569611,0.0033812374407891236,0.5737747341394951,1.2563406746904202
mahottari,2013,,,0.8774054509568574,-0.8440324972627877,,,0,,,mahottari,,,,-1.5277498872798179,0.07520239994730926,-1.600580499086208,1.1174692679779035
mahottari,2013,,,0.8774054509568574,-0.8440324972627877,,,0,,,mahottari,,,,1.2752122631239249,-0.017143873372509152,1.1951637586541153,1.296027459366375
mahottari,2013,,,0.8774054509568574,-0.8440324972627877,,,0,,,mahottari,,,,-0.36141908989410226,0.03677651446712577,-0.43725311382446896,1.191768493785098
mahottari,2013,,,0.8774054509568574,-0.8440324972627877,,,0,,,mahottari,,,,1.5629816859135615,-0.026624712693222186,1.482192147960581,1.3143593471740005
mahottari,2013,,,0.8774054509568574,-0.8440324972627877,,,0,,,mahottari,,,,1.4838631855670175,-0.024018077902736808,1.4032773852360774,1.3093192304798766
mahottari,2013,,,0.8774054509568574,-0.8440324972627877,,,0,,,mahottari,,,,-0.6362153035313192,0.0458299389838066,-0.7113417012191903,1.174263043381355
mahottari,2013,,,0.8774054509568574,-0.8440324972627877,,,0,,,mahottari,,,,1.5657070784226306,-0.026714503360395492,1.4849105223261503,1.3145329639162648
morang,2007,,,0.10263384825212628,2.198066810187194,,,0,,,morang,,,,1.5450256880033468,1.5734919117431039,1.6890341389431802,-1.378558183976021
morang,2007,,,0.10263384825212628,2.198066810187194,,,0,,,morang,,,,-0.44939159676247503,1.639199899867819,-0.3002473326667504,-1.5056093263506676
morang,2007,,,0.10263384825212628,2.198066810187194,,,0,,,morang,,,,0.6379260592849377,1.603377178024659,0.784270377569314,-1.436343505511591
morang,2007,,,0.10263384825212628,2.198066810187194,,,0,,,morang,,,,1.329450732463339,1.5805942351770246,1.4740143093044569,-1.3922910394711725
morang,2007,,,0.10263384825212628,2.198066810187194,,,0,,,morang,,,,-1.0575233516508549,1.6592353831308713,-0.9068130907644247,-1.5443493807831277
morang,2007,,,0.10263384825212628,2.198066810187194,,,0,,,morang,,,,0.27081301998003154,1.6154720688037003,0.4181026890650466,-1.4597298506764613
morang,2007,,,0.10263384825212628,2.198066810187194,,,0,,,morang,,,,-0.09417400402130342,1.627496915971815,0.05405554117384857,-1.4829807614590245
morang,2007,,,0.10263384825212628,2.198066810187194,,,0,,,morang,,,,-0.5312632114789911,1.641897238648743,-0.38190812023131243,-1.510824825763576
morang,2007,,,0.10263384825212628,2.198066810187194,,,0,,,morang,,,,-1.45119229009279,1.6722051834478842,-1.2994682944535783,-1.569427426750993
morang,2007,,,0.10263384825212628,2.198066810187194,,,0,,,morang,,,,0.7119683498771279,1.6009377838276069,0.858122002259729,-1.4316267605878337
morang,2007,,,0.10263384825212628,2.198066810187194,,,0,,,morang,,,,-0.5662224693800156,1.643049004891723,-0.41677735473652117,-1.513051849008321
morang,2007,,,0.10263384825212628,2.198066810187194,,,0,,,morang,,,,-1.2131739196830398,1.6643634402099918,-1.0620628438612763,-1.554264849642531
morang,2007,,,0.10263384825212628,2.198066810187194,,,0,,,morang,,,,-0.5024878026304672,1.6409492052370065,-0.3532068107823772,-1.5089917346675308
morang,2007,,,0.10263384825212628,2.198066810187194,,,0,,,morang,,,,-0.5609334417921341,1.642874752810882,-0.41150194689495617,-1.5127149200204786
morang,2007,,,0.10263384825212628,2.198066810187194,,,0,,,morang,,,,-1.4613287300895998,1.6725391381744223,-1.3095786321586123,-1.570073152342645
morang,2007,,,0.10263384825212628,2.198066810187194,,,0,,,morang,,,,0.1457206051527527,1.619593358250371,0.29333239903816904,-1.467698661580582
morang,2007,,,0.10263384825212628,2.198066810187194,,,0,,,morang,,,,-0.4104757189381807,1.6379177789909725,-0.26143166690882236,-1.5031302530033517
okhaldhunga,1999,,,-0.6320339152141143,-0.4419725746445217,,,0,,,okhaldhunga,,,,-0.994928624771859,-0.726387442679881,-1.008825854266589,-0.19829592529722276
okhaldhunga,1999,,,-0.6320339152141143,-0.4419725746445217,,,0,,,okhaldhunga,,,,-1.148349771251332,-0.7213328360296297,-1.161851926782103,-0.20806937244568835
okhaldhunga,1999,,,-0.6320339152141143,-0.4419725746445217,,,0,,,okhaldhunga,,,,1.0925443448169563,-0.7951612394896648,1.0732716749759799,-0.06531682032842706
okhaldhunga,1999,,,-0.6320339152141143,-0.4419725746445217,,,0,,,okhaldhunga,,,,1.190686443592872,-0.7983946249552644,1.1711610485644985,-0.05906483592186914
okhaldhunga,1999,,,-0.6320339152141143,-0.4419725746445217,,,0,,,okhaldhunga,,,,0.04258297651477073,-0.7605692563340885,0.0260140565107483,-0.1322029189954384
okhaldhunga,1999,,,-0.6320339152141143,-0.4419725746445217,,,0,,,okhaldhunga,,,,-0.6150830787419681,-0.7389018180908866,-0.6299584464464941,-0.17409847628911032
okhaldhunga,1999,,,-0.6320339152141143,-0.4419725746445217,,,0,,,okhaldhunga,,,,0.7030069292211982,-0.7823275561508726,0.6847373550708828,-0.09013167428458879
okhaldhunga,1999,,,-0.6320339152141143,-0.4419725746445217,,,0,,,okhaldhunga,,,,1.2386118856130883,-0.799973574555827,1.218963078038349,-0.0560118227916739
panchthar,2004,,,-0.7189333299325931,-0.4644243744470881,,,1,,,panchthar,,,,-0.7637654707819226,-0.8113323637130376,-0.7779024232355923,-0.22912975001792457
panchthar,2004,,,-0.7189333299325931,-0.4644243744470881,,,1,,,panchthar,,,,0.8409220477582805,-0.8642003313231852,0.8226528731604468,-0.12690571498665568
panchthar,2004,,,-0.7189333299325931,-0.4644243744470881,,,1,,,panchthar,,,,1.7234301315711438,-0.8932754055988021,1.7028884151829602,-0.07068695823011775
panchthar,2004,,,-0.7189333299325931,-0.4644243744470881,,,1,,,panchthar,,,,0.7014535304580529,-0.8596054074080473,0.6835435004842928,-0.13579033235516821
panchthar,2004,,,-0.7189333299325931,-0.4644243744470881,,,1,,,panchthar,,,,-0.016458012706520007,-0.8359531238497485,-0.03251935255093065,-0.18152373146864118
panchthar,2004,,,-0.7189333299325931,-0.4644243744470881,,,1,,,panchthar,,,,0.6968708080232575,-0.8594544252271243,0.6789725789932367,-0.13608226731029224
panchthar,2004,,,-0.7189333299325931,-0.4644243744470881,,,1,,,panchthar,,,,0.17256348886545017,-0.8421806183041325,0.15601540077535653,-0.1694824210109304
panchthar,2004,,,-0.7189333299325931,-0.4644243744470881,,,1,,,panchthar,,,,1.1755270497407555,-0.8752242136695099,1.156396235613253,-0.10559024200571633
parsa,2017,,,0.39579192976771366,-0.4092646864114339,,,0,,,parsa,,,,1.0582071010231366,-0.04378475954114309,1.018904468605188,0.6355058477754506
parsa,2017,,,0.39579192976771366,-0.4092646864114339,,,0,,,parsa,,,,-0.06333248331721215,-0.006834563485313008,-0.09974704522147983,0.5640599740873079
parsa,2017,,,0.39579192976771366,-0.4092646864114339,,,0,,,parsa,,,,-0.31541961786327277,0.0014706886651119145,-0.35118503155170727,0.5480011690084154
parsa,2017,,,0.39579192976771366,-0.4092646864114339,,,0,,,parsa,,,,-1.702100933707206,0.04715623307460887,-1.7342955118441548,0.4596648681583973
parsa,2017,,,0.39579192976771366,-0.4092646864114339,,,0,,,parsa,,,,1.6603095736193174,-0.06362160232294675,1.6194564703828624,0.6738618164858432
parsa,2017,,,0.39579192976771366,-0.4092646864114339,,,0,,,parsa,,,,-0.2911012533370958,0.0006694968484825534,-0.3269292891144068,0.5495503312711646
parsa,2017,,,0.39579192976771366,-0.4092646864114339,,,0,,,parsa,,,,-1.440090965236033,0.03852406365431514,-1.4729602438247515,0.4763557913980223
parsa,2017,,,0.39579192976771366,-0.4092646864114339,,,0,,,parsa,,,,-1.1121056917368857,0.02771827460466105,-1.1458195634282824,0.4972495652328296
parsa,2017,,,0.39579192976771366,-0.4092646864114339,,,0,,,parsa,,,,0.6771661884679461,-0.031231001634784573,0.6388447724416633,0.6112322498672279
parsa,2017,,,0.39579192976771366,-0.4092646864114339,,,0,,,parsa,,,,0.3490754051343721,-0.02042173646255548,0.311598853908571,0.5903317546982756
parsa,2017,,,0.39579192976771366,-0.4092646864114339,,,0,,,parsa,,,,-0.06591752828888219,-0.0067493967022141076,-0.10232543345783399,0.5638952979589724
parsa,2017,,,0.39579192976771366,-0.4092646864114339,,,0,,,parsa,,,,0.46224168365455826,-0.02415010792319276,0.4244737185574141,0.5975408302884749
parsa,2017,,,0.39579192976771366,-0.4092646864114339,,,0,,,parsa,,,,1.039695524188565,-0.04317487790799299,1.0004405608319353,0.6343265975744253
parsa,2017,,,0.39579192976771366,-0.4092646864114339,,,0,,,parsa,,,,0.603997942016621,-0.028820403659299023,0.5658649411457766,0.6065711845183674
parsa,2017,,,0.39579192976771366,-0.4092646864114339,,,0,,,parsa,,,,-0.9379396387022749,0.021980207134056268,-0.9721020044542261,0.5083445332568001
rautahat,2015,,,-0.40690589780872904,-0.8940375709059001,,,0,,,rautahat,,,,0.9016546067694823,-0.9487486378426333,0.8470824972384823,0.4002297875414125
rautahat,2015,,,-0.40690589780872904,-0.8940375709059001,,,0,,,rautahat,,,,-0.5127108619755243,-0.9021510124940263,-0.5636408466427341,0.31012991229870224
rautahat,2015,,,-0.40690589780872904,-0.8940375709059001,,,0,,,rautahat,,,,-1.4781316718447128,-0.8703442990269968,-1.5265756066094425,0.24862933380740676
rautahat,2015,,,-0.40690589780872904,-0.8940375709059001,,,0,,,rautahat,,,,0.05620159548301872,-0.9208943784306476,0.0038066074256538534,0.34637156452634144
rautahat,2015,,,-0.40690589780872904,-0.8940375709059001,,,0,,,rautahat,,,,-1.433244394181056,-0.871823153392231,-1.48180391793156,0.2514888055683152
rautahat,2015,,,-0.40690589780872904,-0.8940375709059001,,,0,,,rautahat,,,,-0.8000976711322806,-0.8926827787459974,-0.8502876075826148,0.29182239827660145
rautahat,2015,,,-0.40690589780872904,-0.8940375709059001,,,0,,,rautahat,,,,1.6944715996872455,-0.9748687532034613,1.637857911408637,0.4507349177434209
rautahat,2015,,,-0.40690589780872904,-0.8940375709059001,,,0,,,rautahat,,,,-0.06166777357955975,-0.9170110591464683,-0.11375923686257969,0.3388628861245005
rautahat,2015,,,-0.40690589780872904,-0.8940375709059001,,,0,,,rautahat,,,,-1.0426653264276526,-0.8846911549592733,-1.0922306282216512,0.2763700162982558
rautahat,2015,,,-0.40690589780872904,-0.8940375709059001,,,0,,,rautahat,,,,-0.5453113960278028,-0.9010769566679317,-0.5961574312362139,0.30805314775950404
rautahat,2015,,,-0.40690589780872904,-0.8940375709059001,,,0,,,rautahat,,,,-0.8777135732129511,-0.8901256484948903,-0.9277036413739072,0.28687800218601817
rautahat,2015,,,-0.40690589780872904,-0.8940375709059001,,,0,,,rautahat,,,,-0.45890178777047996,-0.9039238039935155,-0.5099703358934518,0.3135577327453525
rautahat,2015,,,-0.40690589780872904,-0.8940375709059001,,,0,,,rautahat,,,,1.3253722348743229,-0.9627084210276323,1.2697090123724184,0.4272220369097871
rautahat,2015,,,-0.40690589780872904,-0.8940375709059001,,,0,,,rautahat,,,,-0.1596051233078351,-0.9137844193343955,-0.21144438865162257,0.33262394492640324
rautahat,2015,,,-0.40690589780872904,-0.8940375709059001,,,0,,,rautahat,,,,-1.5439931355713206,-0.8681744300083715,-1.5922674708372606,0.2444337352890584
rautahat,2015,,,-0.40690589780872904,-0.8940375709059001,,,0,,,rautahat,,,,-0.8343236513402754,-0.8915551710391039,-0.8844254526542126,0.2896420873068094
rautahat,2015,,,-0.40690589780872904,-0.8940375709059001,,,0,,,rautahat,,,,0.2810020425818292,-0.9283006445221158,0.22802817210979662,0.36069211510940996
rautahat,2015,,,-0.40690589780872904,-0.8940375709059001,,,0,,,rautahat,,,,1.0219453927117959,-0.9527117330256648,0.967063523028949,0.40789271840741204
sankhuwasabha,1997,,,-0.6832699467615468,0.30762526681110347,,,0,,,sankhuwasabha,,,,-1.4292519213006762,-0.2191274632710733,-1.3896877820875788,-0.7905714405584706
sankhuwasabha,1997,,,-0.6832699467615468,0.30762526681110347,,,0,,,sankhuwasabha,,,,-0.1156113123883184,-0.26240661161674744,-0.07942992199759524,-0.7068880803575295
sankhuwasabha,1997,,,-0.6832699467615468,0.30762526681110347,,,0,,,sankhuwasabha,,,,-0.21924616840507496,-0.2589922620017143,-0.18279790845751168,-0.7134899720214933
sankhuwasabha,1997,,,-0.6832699467615468,0.30762526681110347,,,0,,,sankhuwasabha,,,,0.6005216262566114,-0.28600029734522,0.6348589065928575,-0.6612679843816593
sankhuwasabha,1997,,,-0.6832699467615468,0.30762526681110347,,,0,,,sankhuwasabha,,,,-1.6603379916702905,-0.2115141112992383,-1.6201787839680595,-0.8052924066529732
sankhuwasabha,1997,,,-0.6832699467615468,0.30762526681110347,,,0,,,sankhuwasabha,,,,1.6379432826086509,-0.320179147677389,1.6696091040523187,-0.5951807078771335
sankhuwasabha,1997,,,-0.6832699467615468,0.30762526681110347,,,0,,,sankhuwasabha,,,,-1.0096938880460173,-0.23295020461878624,-0.9712101504536378,-0.7638441714836224
sankhuwasabha,1997,,,-0.6832699467615468,0.30762526681110347,,,0,,,sankhuwasabha,,,,0.4858678547863164,-0.28222291900430346,0.5205003794289509,-0.6685718183155761
sankhuwasabha,1997,,,-0.6832699467615468,0.30762526681110347,,,0,,,sankhuwasabha,,,,0.9626140083562027,-0.29792977776277624,0.9960188665590067,-0.6382014721014513
sankhuwasabha,1997,,,-0.6832699467615468,0.30762526681110347,,,0,,,sankhuwasabha,,,,-0.3293145766584071,-0.25536595284481917,-0.2925828801484587,-0.7205017027735093
saptari,2010,,,-0.17184637085389695,-0.4105134847436476,,,0,,,saptari,,,,-1.2783090019010754,-0.36927372126989727,-1.299334936562779,0.08655658311320609
saptari,2010,,,-0.17184637085389695,-0.4105134847436476,,,0,,,saptari,,,,-1.1178594432202098,-0.3745598856934351,-1.1392985506720934,0.09677776394613566
saptari,2010,,,-0.17184637085389695,-0.4105134847436476,,,0,,,saptari,,,,1.617303969447733,-0.4646724646464612,1.5888215574950355,0.27101694589426134
saptari,2010,,,-0.17184637085389695,-0.4105134847436476,,,0,,,saptari,,,,-0.5573863784410762,-0.39302520775318356,-0.5802687570487015,0.13248179824945314
saptari,2010,,,-0.17184637085389695,-0.4105134847436476,,,0,,,saptari,,,,-0.18773496846527782,-0.4052037275857701,-0.21156923441811845,0.15602984623146732
saptari,2010,,,-0.17184637085389695,-0.4105134847436476,,,0,,,saptari,,,,-0.8651843585435868,-0.38288450842417543,-0.8872741282385026,0.11287402344157264
saptari,2010,,,-0.17184637085389695,-0.4105134847436476,,,0,,,saptari,,,,1.2209034993528205,-0.45161267140229755,1.1934418561052809,0.24576489209985244
saptari,2010,,,-0.17184637085389695,-0.4105134847436476,,,0,,,saptari,,,,1.5261632695153247,-0.4616697469731936,1.497915553485755,0.2652109743296913
saptari,2010,,,-0.17184637085389695,-0.4105134847436476,,,0,,,saptari,,,,-0.13123977894800617,-0.40706501572755444,-0.1552195253576116,0.1596287813297882
saptari,2010,,,-0.17184637085389695,-0.4105134847436476,,,0,,,saptari,,,,-0.8052216062822564,-0.3848600387425337,-0.8274657857359922,0.11669385404218062
saptari,2010,,,-0.17184637085389695,-0.4105134847436476,,,0,,,saptari,,,,-1.026241506308394,-0.3775783263961887,-1.047916538613768,0.10261413712418964
saptari,2010,,,-0.17184637085389695,-0.4105134847436476,,,0,,,saptari,,,,-1.7023268918571959,-0.355304045670553,-1.7222609403453268,0.059545206046978084
saptari,2010,,,-0.17184637085389695,-0.4105134847436476,,,0,,,saptari,,,,1.1702189243935255,-0.44994281952377124,1.1428877987206505,0.24253611284761692
saptari,2010,,,-0.17184637085389695,-0.4105134847436476,,,0,,,saptari,,,,-0.14107181196883634,-0.4067410899804657,-0.1650262399634224,0.1590024474944853
saptari,2010,,,-0.17184637085389695,-0.4105134847436476,,,0,,,saptari,,,,1.3409352316011514,-0.4555672318132039,1.3131644952895303,0.2534113203673194
saptari,2010,,,-0.17184637085389695,-0.4105134847436476,,,0,,,saptari,,,,0.022559164049986005,-0.4121320692460424,-0.0018166291853487701,0.169426295397263
saptari,2010,,,-0.17184637085389695,-0.4105134847436476,,,0,,,saptari,,,,-0.762635651526722,-0.386263073819862,-0.7849894938420667,0.11940672373205645
saptari,2010,,,-0.17184637085389695,-0.4105134847436476,,,0,,,saptari,,,,-0.06483405228863605,-0.40925281600991076,-0.08898479972556349,0.16385905124207595
saptari,2010,,,-0.17184637085389695,-0.4105134847436476,,,0,,,saptari,,,,-0.6804482613509152,-0.38897081612580947,-0.7030137439698901,0.12464233911224161
sarlahi,2014,,,-0.025482107400064784,0.1417742202222047,,,0,,,sarlahi,,,,-0.5124157298191695,0.09894354770657833,-0.5008529505451523,-0.15058434108739893
sarlahi,2014,,,-0.025482107400064784,0.1417742202222047,,,0,,,sarlahi,,,,0.11871143491670531,0.07815045863619395,0.12864900204457358,-0.11037940109021088
sarlahi,2014,,,-0.025482107400064784,0.1417742202222047,,,0,,,sarlahi,,,,-1.1457089243452891,0.11980799870348748,-1.1325153551935332,-0.19092726452534947
sarlahi,2014,,,-0.025482107400064784,0.1417742202222047,,,0,,,sarlahi,,,,0.6420313112304813,0.060909183963682056,0.6506212801771459,-0.07704215084629774
sarlahi,2014,,,-0.025482107400064784,0.1417742202222047,,,0,,,sarlahi,,,,0.8117894173435893,0.055316340527277554,0.8199422431099604,-0.06622798398474285
sarlahi,2014,,,-0.025482107400064784,0.1417742202222047,,,0,,,sarlahi,,,,-1.1128343973506225,0.11872491591741705,-1.0997254832154082,-0.18883304570684933
sarlahi,2014,,,-0.025482107400064784,0.1417742202222047,,,0,,,sarlahi,,,,-0.14748415032326326,0.08692052721081181,-0.13686110438453716,-0.12733696230779562
sarlahi,2014,,,-0.025482107400064784,0.1417742202222047,,,0,,,sarlahi,,,,-1.5733751940678118,0.13389787366943182,-1.5590803438194925,-0.2181710557511812
sarlahi,2014,,,-0.025482107400064784,0.1417742202222047,,,0,,,sarlahi,,,,-0.3921576583088459,0.09498153033184961,-0.38090455494391884,-0.14292349424162334
sarlahi,2014,,,-0.025482107400064784,0.1417742202222047,,,0,,,sarlahi,,,,-1.3352805802044254,0.12605361851791727,-1.321598846107659,-0.20300362167624764
sarlahi,2014,,,-0.025482107400064784,0.1417742202222047,,,0,,,sarlahi,,,,1.3167212077023789,0.03868087896258194,1.3235737863481696,-0.03406211715417519
sarlahi,2014,,,-0.025482107400064784,0.1417742202222047,,,0,,,sarlahi,,,,-0.5961085253946252,0.10170088703561546,-0.5843302292556807,-0.15591585589506263
sarlahi,2014,,,-0.025482107400064784,0.1417742202222047,,,0,,,sarlahi,,,,-0.7039279208564402,0.1052531003115101,-0.691871979575778,-0.16278431690781195
sarlahi,2014,,,-0.025482107400064784,0.1417742202222047,,,0,,,sarlahi,,,,-0.2836898066826221,0.09140795304638895,-0.2727160182953721,-0.13601372437285011
sarlahi,2014,,,-0.025482107400064784,0.1417742202222047,,,0,,,sarlahi,,,,0.38867699671409267,0.06925618457220459,0.39791937698487384,-0.09318167958520565
sarlahi,2014,,,-0.025482107400064784,0.1417742202222047,,,0,,,sarlahi,,,,-0.656345855565492,0.1036854635862527,-0.6444124426036386,-0.15975317803936304
sarlahi,2014,,,-0.025482107400064784,0.1417742202222047,,,0,,,sarlahi,,,,-0.3481859586597614,0.09353284056144139,-0.3370460865806187,-0.14012234790417222
sarlahi,2014,,,-0.025482107400064784,0.1417742202222047,,,0,,,sarlahi,,,,0.0283538826896566,0.08112737475804273,0.038524129061235035,-0.11613548349097651
sarlahi,2014,,,-0.025482107400064784,0.1417742202222047,,,0,,,sarlahi,,,,-1.2972102475954763,0.1247993549382339,-1.2836265482061686,-0.2005784124256581
sarlahi,2014,,,-0.025482107400064784,0.1417742202222047,,,0,,,sarlahi,,,,-0.6942038382287056,0.10493273109353976,-0.6821729373805897,-0.1621648598785152
siraha,2011,,,2.7540053244107634,-0.5936085763880087,,,0,,,siraha,,,,-0.45403807475884017,1.5442563145451706,-0.5533325193913362,2.3349866381087394
siraha,2011,,,2.7540053244107634,-0.5936085763880087,,,0,,,siraha,,,,-1.5687484259332873,1.5809815149718545,-1.665172385973467,2.263975809725257
siraha,2011,,,2.7540053244107634,-0.5936085763880087,,,0,,,siraha,,,,0.24395649052675675,1.5212602149038226,0.1428646438668535,2.3794512582101657
siraha,2011,,,2.7540053244107634,-0.5936085763880087,,,0,,,siraha,,,,-1.2906309845189552,1.5718186694242766,-1.3877711232773045,2.2816928335977984
siraha,2011,,,2.7540053244107634,-0.5936085763880087,,,0,,,siraha,,,,0.44322455167047775,1.5146951377280078,0.34161957090479433,2.392145309249772
siraha,2011,,,2.7540053244107634,-0.5936085763880087,,,0,,,siraha,,,,0.11268016593818102,1.5255852391818463,0.011926368231237055,2.3710885112899884
siraha,2011,,,2.7540053244107634,-0.5936085763880087,,,0,,,siraha,,,,-1.1708655396550067,1.5678728821063554,-1.268314085762235,2.289322298456131
siraha,2011,,,2.7540053244107634,-0.5936085763880087,,,0,,,siraha,,,,0.5273956194903355,1.5119220412616878,0.42557389026345666,2.3975072916208093
siraha,2011,,,2.7540053244107634,-0.5936085763880087,,,0,,,siraha,,,,-0.15896095913116906,1.5345347162830423,-0.2590152552471127,2.353784050724181
siraha,2011,,,2.7540053244107634,-0.5936085763880087,,,0,,,siraha,,,,-0.5637521189259096,1.5478709488377584,-0.6627640395170612,2.327997481550359
siraha,2011,,,2.7540053244107634,-0.5936085763880087,,,0,,,siraha,,,,-0.9119087756714692,1.559341303432917,-1.0100241599401156,2.3058187222191315
siraha,2011,,,2.7540053244107634,-0.5936085763880087,,,0,,,siraha,,,,0.9943592625776626,1.4965374766828372,0.8913350578007524,2.427254458753207
siraha,2011,,,2.7540053244107634,-0.5936085763880087,,,0,,,siraha,,,,1.2983475888094997,1.486522290050297,1.194540585338944,2.446619545694302
siraha,2011,,,2.7540053244107634,-0.5936085763880087,,,0,,,siraha,,,,-1.0885273551254113,1.5651601717359596,-1.1861879298459943,2.294567519947865
siraha,2011,,,2.7540053244107634,-0.5936085763880087,,,0,,,siraha,,,,1.0490040605434583,1.4947371514634156,0.9458391402430529,2.43073551763663
siraha,2011,,,2.7540053244107634,-0.5936085763880087,,,0,,,siraha,,,,0.7045656360331202,1.5060850053354695,0.6022876772555148,2.408793622304079
siraha,2011,,,2.7540053244107634,-0.5936085763880087,,,0,,,siraha,,,,-1.6398327195492144,1.5833234551247235,-1.7360736308096234,2.2594474992368836
solukhumbu,1998,,,-0.2588906955605907,0.06671346940297383,,,0,,,solukhumbu,,,,1.3733570292349424,-0.18130536341856407,1.3800102925199933,-0.14242389803399666
solukhumbu,1998,,,-0.2588906955605907,0.06671346940297383,,,0,,,solukhumbu,,,,0.819304208827874,-0.16305156246033226,0.8273842105321317,-0.1777189410053467
solukhumbu,1998,,,-0.2588906955605907,0.06671346940297383,,,0,,,solukhumbu,,,,-1.6783430297893422,-0.08076418140503965,-1.663831350198593,-0.3368275374555918
solukhumbu,1998,,,-0.2588906955605907,0.06671346940297383,,,0,,,solukhumbu,,,,-1.4174014004789477,-0.0893611533681985,-1.4035616702655773,-0.32020467104231765
solukhumbu,1998,,,-0.2588906955605907,0.06671346940297383,,,0,,,solukhumbu,,,,-0.10991663334829122,-0.1324374916089967,-0.09944380008243944,-0.23691345883197842
solukhumbu,1998,,,-0.2588906955605907,0.06671346940297383,,,0,,,solukhumbu,,,,0.10865123173243325,-0.1396384193149832,0.11856123207184036,-0.22298994485272897
solukhumbu,1998,,,-0.2588906955605907,0.06671346940297383,,,0,,,solukhumbu,,,,-1.4707736751263825,-0.0876027526485946,-1.4567965062574268,-0.3236046658763407
solukhumbu,1998,,,-0.2588906955605907,0.06671346940297383,,,0,,,solukhumbu,,,,0.34937725523979746,-0.1475693687781438,0.35866736329891896,-0.20765488106265168
sunsari,2008,,,-0.05017890967727166,-0.3421218484219838,,,1,,,sunsari,,,,0.6815507733228788,-0.2994844025097532,0.6575059139232202,0.2491421372840323
sunsari,2008,,,-0.05017890967727166,-0.3421218484219838,,,1,,,sunsari,,,,-0.7688688895257308,-0.2516989371960088,-0.7891787811014942,0.15674548764849588
sunsari,2008,,,-0.05017890967727166,-0.3421218484219838,,,1,,,sunsari,,,,0.5523181364447232,-0.2952267094812291,0.5286060633088615,0.24090958019937717
sunsari,2008,,,-0.05017890967727166,-0.3421218484219838,,,1,,,sunsari,,,,0.16714873344210068,-0.2825369345019315,0.1444285079513119,0.21637298345353131
sunsari,2008,,,-0.05017890967727166,-0.3421218484219838,,,1,,,sunsari,,,,1.5330331227303284,-0.3275373042423204,1.506795615741071,0.3033844495776538
sunsari,2008,,,-0.05017890967727166,-0.3421218484219838,,,1,,,sunsari,,,,1.540852676338186,-0.32779492692716694,1.5145950332587537,0.3038825816517823
sunsari,2008,,,-0.05017890967727166,-0.3421218484219838,,,1,,,sunsari,,,,-0.2695183015154945,-0.2681505207024657,-0.2911140680878767,0.18855581296845583
sunsari,2008,,,-0.05017890967727166,-0.3421218484219838,,,1,,,sunsari,,,,-0.8818670243001023,-0.24797610539216125,-0.9018859349905723,0.14954712338493412
sunsari,2008,,,-0.05017890967727166,-0.3421218484219838,,,1,,,sunsari,,,,-1.3664225012529363,-0.23201196099340227,-1.385193635757198,0.1186792967966894
sunsari,2008,,,-0.05017890967727166,-0.3421218484219838,,,1,,,sunsari,,,,1.4365344473727082,-0.3243580629356579,1.4105454336000978,0.2972371568142613
sunsari,2008,,,-0.05017890967727166,-0.3421218484219838,,,1,,,sunsari,,,,-1.193888028436408,-0.23769627449064692,-1.213103455527835,0.1296703276294979
sunsari,2008,,,-0.05017890967727166,-0.3421218484219838,,,1,,,sunsari,,,,-0.9070863323901274,-0.24714523112670508,-0.9270403009768258,0.1479405679628515
sunsari,2008,,,-0.05017890967727166,-0.3421218484219838,,,1,,,sunsari,,,,1.3662415988846626,-0.3220421977007418,1.3404335958457574,0.29275926406363634
taplejung,1996,,,-0.07827074596408616,0.633774192937142,,,1,,,taplejung,,,,-0.01135258495039657,0.39242979749315754,0.03369199785077767,-0.5027808884715677
taplejung,1996,,,-0.07827074596408616,0.633774192937142,,,1,,,taplejung,,,,-1.3710362017738429,0.4372258768442723,-1.3224903050498147,-0.5893973443682552
taplejung,1996,,,-0.07827074596408616,0.633774192937142,,,1,,,taplejung,,,,1.544462491010605,0.3411719793242273,1.5855007028299952,-0.403670193716557
taplejung,1996,,,-0.07827074596408616,0.633774192937142,,,1,,,taplejung,,,,-1.6168640419369857,0.44532491054476525,-1.5676851152722135,-0.6050574111751303
taplejung,1996,,,-0.07827074596408616,0.633774192937142,,,1,,,taplejung,,,,0.5266917795797535,0.37470341045010297,0.5703508472498094,-0.4685056384103335
taplejung,1996,,,-0.07827074596408616,0.633774192937142,,,1,,,taplejung,,,,-0.2666999997027694,0.4008424626983709,-0.22099787315584793,-0.5190473844523779
taplejung,1996,,,-0.07827074596408616,0.633774192937142,,,1,,,taplejung,,,,0.9303180988100964,0.36140555468371366,0.9729377905299933,-0.4427932735294254
taplejung,1996,,,-0.07827074596408616,0.633774192937142,,,1,,,taplejung,,,,-1.3275813210637295,0.43579421416892783,-1.279147324767833,-0.5866291211493002
taplejung,1996,,,-0.07827074596408616,0.633774192937142,,,1,,,taplejung,,,,0.8469624217751405,0.36415178731947,0.8897967622478357,-0.4481033127431834
terhathum,2003,,,-0.38313548438475353,-0.6043694981868718,,,0,,,terhathum,,,,1.6188014378780269,-0.7510599879468287,1.5816619853429013,0.2585104323539362
terhathum,2003,,,-0.38313548438475353,-0.6043694981868718,,,0,,,terhathum,,,,-0.942181212018184,-0.6666859610907889,-0.9727258919920148,0.09536715548990343
terhathum,2003,,,-0.38313548438475353,-0.6043694981868718,,,0,,,terhathum,,,,1.6228943102731133,-0.7511948315489106,1.5857443182044342,0.25877116220087515
terhathum,2003,,,-0.38313548438475353,-0.6043694981868718,,,0,,,terhathum,,,,-1.1815344081093815,-0.6588002407420407,-1.2114627309633763,0.08011954546030019
terhathum,2003,,,-0.38313548438475353,-0.6043694981868718,,,0,,,terhathum,,,,0.2513936914055624,-0.7060094297446088,0.21777544315774577,0.17140192321279804
terhathum,2003,,,-0.38313548438475353,-0.6043694981868718,,,0,,,terhathum,,,,-1.6944930333661945,-0.6419003274118159,-1.7231004392405056,0.047442342034709845
udayapur,2009,,,-0.6779652061215349,-0.835583180887384,,,0,,,udayapur,,,,1.4698429549676368,-1.1179665734619866,1.4236977057092126,0.20373995322782448
udayapur,2009,,,-0.6779652061215349,-0.835583180887384,,,0,,,udayapur,,,,-0.5405740827259926,-1.0517314581490904,-0.5815423179513546,0.07566957235042462
udayapur,2009,,,-0.6779652061215349,-0.835583180887384,,,0,,,udayapur,,,,-1.408494386624889,-1.023136992258025,-1.4472276449730062,0.02038010662888545
udayapur,2009,,,-0.6779652061215349,-0.835583180887384,,,0,,,udayapur,,,,-0.2048399875648023,-1.062792539551874,-0.24667276984156652,0.0970569723946215
udayapur,2009,,,-0.6779652061215349,-0.835583180887384,,,0,,,udayapur,,,,-1.044280098062112,-1.0351363809168252,-1.0839512426535207,0.04358179154433848
udayapur,2009,,,-0.6779652061215349,-0.835583180887384,,,0,,,udayapur,,,,0.8239240599527597,-1.0966861566668875,0.7794421129450707,0.16259272986596654
udayapur,2009,,,-0.6779652061215349,-0.835583180887384,,,0,,,udayapur,,,,0.9241904474992663,-1.099989528861131,0.8794503050596642,0.16898003866882746
udayapur,2009,,,-0.6779652061215349,-0.835583180887384,,,0,,,udayapur,,,,0.3285257129175113,-1.0803647835256507,0.28531946351209664,0.1310341756947264
udayapur,2009,,,-0.6779652061215349,-0.835583180887384,,,0,,,udayapur,,,,-1.3646648151846457,-1.0245809994784323,-1.403510938824966,0.023172198917600213
,1984,,,-0.8701003244244068,-0.4262828849600064,,,1,,,,,,,-0.37588704821255386,-0.9041302408454176,-0.38512851957488975,-0.3380935914596607
,1984,,,-0.8701003244244068,-0.4262828849600064,,,1,,,,,,,-1.1205588876998291,-0.87959631368805,-1.127882758638586,-0.3855317121697892
,1984,,,-0.8701003244244068,-0.4262828849600064,,,1,,,,,,,-0.2841634439125503,-0.9071521628615058,-0.2936411122318961,-0.33225048691075293
,1984,,,-0.8701003244244068,-0.4262828849600064,,,1,,,,,,,-1.4545254896104014,-0.86859346404369,-1.4609893649600598,-0.40680651690188874
,1984,,,-0.8701003244244068,-0.4262828849600064,,,1,,,,,,,-0.25258688466190327,-0.9081924828567793,-0.26214586560807795,-0.330238953037827
,1984,,,-0.8701003244244068,-0.4262828849600064,,,1,,,,,,,1.340673920256156,-0.9606839864397028,1.3270121420342222,-0.22874283840234014
,1984,,,-0.8701003244244068,-0.4262828849600064,,,1,,,,,,,0.7631078330167701,-0.94165551837966,0.7509333421002053,-0.26553575618395414
,1984,,,-0.8701003244244068,-0.4262828849600064,,,1,,,,,,,0.4318973761369668,-0.9307434725737619,0.42057578347534863,-0.2866349851339021
,1984,,,-0.8701003244244068,-0.4262828849600064,,,1,,,,,,,-1.667270334717238,-0.8615843813092733,-1.6731863719676714,-0.4203590847680033
,1984,,,-0.8701003244244068,-0.4262828849600064,,,1,,,,,,,0.02688753118634548,-0.9174000352270821,0.01660887718448075,-0.31243548529352483
,1984,,,-0.8701003244244068,-0.4262828849600064,,,1,,,,,,,0.5932148515298128,-0.9360582313448517,0.5814778511103869,-0.2763585150640684
,1984,,,-0.8701003244244068,-0.4262828849600064,,,1,,,,,,,0.2626646501408673,-0.9251679382886334,0.25177884775604675,-0.29741568350089637
,1984,,,-0.8701003244244068,-0.4262828849600064,,,1,,,,,,,-0.6470589572331457,-0.8951962225164632,-0.655602135280189,-0.3553681613724587
,1984,,,-0.8701003244244068,-0.4262828849600064,,,1,,,,,,,1.3263074961330605,-0.9602106708337433,1.3126827128121328,-0.2296580283230353
,1984,,,-0.8701003244244068,-0.4262828849600064,,,1,,,,,,,1.0865630658076944,-0.9523120608983429,1.0735556470717618,-0.24493056129969026
,1984,,,-0.8701003244244068,-0.4262828849600064,,,1,,,,,,,1.3731851082965867,-0.9617550986758424,1.359439610690286,-0.2266717655069913
,1984,,,-0.8701003244244068,-0.4262828849600064,,,1,,,,,,,0.5057432750201954,-0.9331763964578166,0.49423152218402905,-0.2819307510277991
,1984,,,-0.8701003244244068,-0.4262828849600064,,,1,,,,,,,0.4244179763823113,-0.930497056583481,0.41311564388252164,-0.28711144825441565
,1984,,,-0.8701003244244068,-0.4262828849600064,,,1,,,,,,,-0.25962415392423954,-0.9079606332791347,-0.26916501323642367,-0.33068725094709966
,1984,,,-0.8701003244244068,-0.4262828849600064,,,1,,,,,,,1.086358873511112,-0.952305333587513,1.0733519805896572,-0.2449435690412211
,1984,,,-0.8701003244244068,-0.4262828849600064,,,1,,,,,,,-0.026940393158237652,-0.9156266226916872,-0.03708043516344809,-0.31586450655796816
,1984,,,-0.8701003244244068,-0.4262828849600064,,,1,,,,,,,1.6570512613114337,-0.971107341034441,1.6425747815108338,-0.20858852921661428
,1984,,,-0.8701003244244068,-0.4262828849600064,,,1,,,,,,,0.9333131995607413,-0.9472630972394407,0.9207004137259682,-0.254693097316682
,1984,,,-0.8701003244244068,-0.4262828849600064,,,1,,,,,,,-1.3786515154282835,-0.8710932048113894,-1.385310773438216,-0.4019730875238063
,1984,,,-0.8701003244244068,-0.4262828849600064,,,1,,,,,,,-0.3973025729485802,-0.9034246858666337,-0.4064888973090726,-0.3394578329867713
,1984,,,-0.8701003244244068,-0.4262828849600064,,,1,,,,,,,0.13019438706338524,-0.9208035785632838,0.11964970813606499,-0.3058544883504242
,1984,,,-0.8701003244244068,-0.4262828849600064,,,1,,,,,,,-0.976063203846046,-0.8843568624213869,-0.9837591648382606,-0.376326847249064
,1984,,,-0.8701003244244068,-0.4262828849600064,,,1,,,,,,,-1.1491256371769816,-0.8786551547592019,-1.1563759460337677,-0.38735151095649534
,1984,,,-0.8701003244244068,-0.4262828849600064,,,1,,,,,,,1.5127004723173658,-0.9663515660010686,1.4985957094522548,-0.2177841638435631
,1984,,,-0.8701003244244068,-0.4262828849600064,,,1,,,,,,,1.0425321607176656,-0.9508614205479632,1.0296381257271279,-0.24773547922444372
,1984,,,-0.8701003244244068,-0.4262828849600064,,,1,,,,,,,-1.3978455605627846,-0.8704608386062844,-1.4044553920909726,-0.40319581326919374
,1984,,,-0.8701003244244068,-0.4262828849600064,,,1,,,,,,,0.7488789875096437,-0.9411867354330058,0.7367411372161355,-0.26644218188040264
,1984,,,-0.8701003244244068,-0.4262828849600064,,,1,,,,,,,-1.254554610714492,-0.8751816962236593,-1.2615334299921206,-0.3940676939888239
,1985,,,-0.8835562519015103,-0.4262828849600064,,,0,,,,,,,-1.6139355321453215,-0.8728611895416144,-1.6196962650589082,-0.4264668837688276
,1985,,,-0.8835562519015103,-0.4262828849600064,,,0,,,,,,,-0.49471783192670954,-0.9097348889006582,-0.5033606562827415,-0.35516892197072986
,1985,,,-0.8835562519015103,-0.4262828849600064,,,0,,,,,,,-0.8004485099309192,-0.8996622988197813,-0.8083040488726865,-0.3746450026265245
,1985,,,-0.8835562519015103,-0.4262828849600064,,,0,,,,,,,-0.11524658060822074,-0.9222369328138174,-0.1248665793297631,-0.3309953168046417
,1985,,,-0.8835562519015103,-0.4262828849600064,,,0,,,,,,,-1.461615377496001,-0.8778795229612566,-1.4677683492154439,-0.4167635735324488
,1985,,,-0.8835562519015103,-0.4262828849600064,,,0,,,,,,,-0.7297113964405216,-0.9019928007908116,-0.7377490901403974,-0.3701388086891333
,1985,,,-0.8835562519015103,-0.4262828849600064,,,0,,,,,,,1.6197342734730955,-0.9793975391861036,1.6056465349442057,-0.22047115458798025
,1985,,,-0.8835562519015103,-0.4262828849600064,,,0,,,,,,,-0.276439165965805,-0.9169262886645856,-0.2856440785331934,-0.34126383095583573
,1985,,,-0.8835562519015103,-0.4262828849600064,,,0,,,,,,,0.5151701089544554,-0.9430066145989762,0.5039267276275374,-0.29083563648459004
,1985,,,-0.8835562519015103,-0.4262828849600064,,,0,,,,,,,0.2801678631598554,-0.9352642404760172,0.26952963484421294,-0.30580607623001027
,1985,,,-0.8835562519015103,-0.4262828849600064,,,0,,,,,,,0.24318572644547745,-0.9340458285525864,0.23264273062993482,-0.30816196371298943
,1985,,,-0.8835562519015103,-0.4262828849600064,,,0,,,,,,,1.201111740713331,-0.9656056187984168,1.188101994802898,-0.24713882910983487
,1985,,,-0.8835562519015103,-0.4262828849600064,,,0,,,,,,,-0.5595175932907906,-0.9075999986834912,-0.5679935521320408,-0.35929688644927565
,1985,,,-0.8835562519015103,-0.4262828849600064,,,0,,,,,,,1.2503007500656862,-0.9672261978352509,1.2371643378034887,-0.2440053224569241
,1985,,,-0.8835562519015103,-0.4262828849600064,,,0,,,,,,,-0.23925545634605372,-0.9181513416004934,-0.2485561204828397,-0.3388951025954258
,1985,,,-0.8835562519015103,-0.4262828849600064,,,0,,,,,,,-0.9617684171227217,-0.8943474599307453,-0.9692085420445689,-0.3849216276101959
,1985,,,-0.8835562519015103,-0.4262828849600064,,,0,,,,,,,1.3638509150721523,-0.9709672168039469,1.3504221003945986,-0.23677179199612333
,1985,,,-0.8835562519015103,-0.4262828849600064,,,0,,,,,,,0.6353090447336264,-0.9469647069329085,0.6237562942833949,-0.2831823789887746
,1985,,,-0.8835562519015103,-0.4262828849600064,,,0,,,,,,,-0.9965529588412732,-0.8932014498797771,-1.0039035102780005,-0.38713752084180686
,1985,,,-0.8835562519015103,-0.4262828849600064,,,0,,,,,,,0.3858077548736609,-0.9387446479129402,0.3748974938446064,-0.2990764569948115
,1985,,,-0.8835562519015103,-0.4262828849600064,,,0,,,,,,,-0.8898664705108031,-0.8967163384448896,-0.8974917497462257,-0.38034122985402735
,1985,,,-0.8835562519015103,-0.4262828849600064,,,0,,,,,,,0.7772951577425066,-0.9516425754505579,0.7653767796211177,-0.2741373822386426
,1985,,,-0.8835562519015103,-0.4262828849600064,,,0,,,,,,,0.39144928855284705,-0.9389305136446648,0.3805245000409482,-0.2987170721739114
,1985,,,-0.8835562519015103,-0.4262828849600064,,,0,,,,,,,0.14227921159033746,-0.9307213667509097,0.1319960595950759,-0.3145900507955255
,1985,,,-0.8835562519015103,-0.4262828849600064,,,0,,,,,,,-1.417326198782399,-0.8793386723835944,-1.423593219326247,-0.4139422027022924
,1985,,,-0.8835562519015103,-0.4262828849600064,,,0,,,,,,,0.6320237149761374,-0.9468564685966586,0.6204794245607836,-0.28339166563202356
,1985,,,-0.8835562519015103,-0.4262828849600064,,,0,,,,,,,-0.3458824013587396,-0.9146384147470286,-0.35490849102650573,-0.34568760047200287
,1985,,,-0.8835562519015103,-0.4262828849600064,,,0,,,,,,,0.43960348974260266,-0.9405169999352222,0.4285546996078384,-0.29564948630909305
,1985,,,-0.8835562519015103,-0.4262828849600064,,,0,,,,,,,0.87433017847108,-0.9548394871692925,0.8621619259929822,-0.2679559224568395
,1985,,,-0.8835562519015103,-0.4262828849600064,,,0,,,,,,,-1.4817850380725923,-0.8772150141707595,-1.4878860710082458,-0.4180484492889612
,1985,,,-0.8835562519015103,-0.4262828849600064,,,0,,,,,,,1.5962189948261838,-0.9786228058031334,1.582191810364069,-0.2219691575576542
,1985,,,-0.8835562519015103,-0.4262828849600064,,,0,,,,,,,0.9000670660029324,-0.9556874135853075,0.8878325386050436,-0.2663163954696506
,1985,,,-0.8835562519015103,-0.4262828849600064,,,0,,,,,,,-1.1762077069187469,-0.8872825520927429,-1.1830956303860205,-0.39858213734740056
,1986,,,-0.8835562519015103,-0.4262828849600064,,,0,,,,,,,-0.7926638416020318,-0.8999187721756916,-0.800539426801081,-0.3741490928629321
,1986,,,-0.8835562519015103,-0.4262828849600064,,,0,,,,,,,0.3341200941588465,-0.937041748413229,0.3233429337451567,-0.30236913621026534
,1986,,,-0.8835562519015103,-0.4262828849600064,,,0,,,,,,,-0.257793212090125,-0.91754059747809,-0.2670461397524238,-0.34007602048173613
,1986,,,-0.8835562519015103,-0.4262828849600064,,,0,,,,,,,-0.8309574513453357,-0.8986571525169145,-0.8387344268771861,-0.37658852562391865
,1986,,,-0.8835562519015103,-0.4262828849600064,,,0,,,,,,,-1.06201483515513,-0.8910447456512748,-1.069196816068452,-0.39130766428730945
,1986,,,-0.8835562519015103,-0.4262828849600064,,,0,,,,,,,0.32493983958739575,-0.9367392961315674,0.3141863191975679,-0.30295394954872873
,1986,,,-0.8835562519015103,-0.4262828849600064,,,0,,,,,,,-0.27815488998449134,-0.9168697624931037,-0.28735538440024505,-0.34137312839235456
,1986,,,-0.8835562519015103,-0.4262828849600064,,,0,,,,,,,-0.13629547074709686,-0.9215434569630773,-0.14586126658556262,-0.33233620246497464
,1986,,,-0.8835562519015103,-0.4262828849600064,,,0,,,,,,,-0.20915835100390476,-0.919142919569415,-0.21853651803376692,-0.3369778149520132
,1986,,,-0.8835562519015103,-0.4262828849600064,,,0,,,,,,,0.2925069290597274,-0.9356707628230766,0.28183692648226716,-0.30502003590114357
,1986,,,-0.8835562519015103,-0.4262828849600064,,,0,,,,,,,-1.0282071597891091,-0.892158571904408,-1.0354761986642935,-0.3891540007540592
,1986,,,-0.8835562519015103,-0.4262828849600064,,,0,,,,,,,1.224551930142091,-0.9663778782951584,1.211481823526722,-0.24564560957791942
,1986,,,-0.8835562519015103,-0.4262828849600064,,,0,,,,,,,-1.5786939739413084,-0.8740222564385239,-1.5845454572006932,-0.42422187703774716
,1986,,,-0.8835562519015103,-0.4262828849600064,,,0,,,,,,,0.7752800727793713,-0.9515761865459693,0.763366883692365,-0.2742657499821955
,1986,,,-0.8835562519015103,-0.4262828849600064,,,0,,,,,,,-1.210884985949144,-0.886140075913795,-1.2176836121428656,-0.4007911975821416
,1986,,,-0.8835562519015103,-0.4262828849600064,,,0,,,,,,,-0.128356516615715,-0.9218050134125586,-0.13794275601199757,-0.3318304641727143
,1986,,,-0.8835562519015103,-0.4262828849600064,,,0,,,,,,,-1.08534237265379,-0.8902761975802924,-1.0924642829515516,-0.39279370750937276
,1986,,,-0.8835562519015103,-0.4262828849600064,,,0,,,,,,,0.6476305157541092,-0.9473706495998102,0.6360460363505387,-0.28239745951337386
,1986,,,-0.8835562519015103,-0.4262828849600064,,,0,,,,,,,-0.9648623236567307,-0.894245528215979,-0.9722944814766069,-0.38511871994515945
,1986,,,-0.8835562519015103,-0.4262828849600064,,,0,,,,,,,-0.5259222974930124,-0.9087068278882862,-0.5344847673986483,-0.3571567522145169
,1986,,,-0.8835562519015103,-0.4262828849600064,,,0,,,,,,,0.6956579661892862,-0.9489529599653291,0.6839498115580324,-0.2793379481013238
,1986,,,-0.8835562519015103,-0.4262828849600064,,,0,,,,,,,-0.37792657789110573,-0.9135826886524253,-0.38687015077331166,-0.34772892315105797
,1986,,,-0.8835562519015103,-0.4262828849600064,,,0,,,,,,,0.7221819337920488,-0.9498268174883134,0.7104054774353731,-0.27764828144531367
,1986,,,-0.8835562519015103,-0.4262828849600064,,,0,,,,,,,-0.5514365101047972,-0.9078662377108382,-0.5599332784996235,-0.3587820940544005
,1986,,,-0.8835562519015103,-0.4262828849600064,,,0,,,,,,,-0.6543047617844906,-0.9044771446101066,-0.6625366347011562,-0.3653351504232046
,1986,,,-0.8835562519015103,-0.4262828849600064,,,0,,,,,,,1.3491640311933262,-0.9704833433443303,1.335773036630961,-0.237707396289659
,1986,,,-0.8835562519015103,-0.4262828849600064,,,0,,,,,,,-1.473655854984669,-0.8774828378954559,-1.4797778213356958,-0.4175305927672681
,1986,,,-0.8835562519015103,-0.4262828849600064,,,0,,,,,,,-1.5980862861227438,-0.8733833581356153,-1.6038878323439845,-0.4254572330661755
,1986,,,-0.8835562519015103,-0.4262828849600064,,,0,,,,,,,0.4494776869166016,-0.9408423148207309,0.4384034697901353,-0.29502046647429137
,1986,,,-0.8835562519015103,-0.4262828849600064,,,0,,,,,,,1.31809408128622,-0.9694597140792182,1.3047830947837051,-0.23968665742992953
,1986,,,-0.8835562519015103,-0.4262828849600064,,,0,,,,,,,-0.28364802789469673,-0.9166887858021533,-0.2928343769607476,-0.34172305989968954
,1986,,,-0.8835562519015103,-0.4262828849600064,,,0,,,,,,,-0.6701221025613654,-0.9039560271649911,-0.6783132443294024,-0.3663427686535425
,1986,,,-0.8835562519015103,-0.4262828849600064,,,0,,,,,,,0.709931738593549,-0.9494232230716501,0.6981868276482289,-0.27842866040921965
,1987,,,0.14219945039153253,1.6622260449583701,,,0,,,,,,,1.4297848637001824,1.2269889166032617,1.5366094182929453,-0.9802196482635509
,1987,,,0.14219945039153253,1.6622260449583701,,,0,,,,,,,0.9276212888952108,1.2435331766545497,1.0357389621916633,-1.0122091703787282
,1987,,,0.14219945039153253,1.6622260449583701,,,0,,,,,,,-1.527899609420923,1.3244326650710325,-1.4134587375488936,-1.168634176137999
,1987,,,0.14219945039153253,1.6622260449583701,,,0,,,,,,,1.5187680772977652,1.2240572793841953,1.6253634916987845,-0.9745511158926697
,1987,,,0.14219945039153253,1.6622260449583701,,,0,,,,,,,0.9376966934410423,1.2432012327994166,1.0457884216177784,-1.0115673329522215
,1987,,,0.14219945039153253,1.6622260449583701,,,0,,,,,,,0.7531001195168586,1.249282943773305,0.8616672013320404,-1.0233267605176857
,1987,,,0.14219945039153253,1.6622260449583701,,,0,,,,,,,1.639048899247952,1.22009451247443,1.7453345791553465,-0.9668888197667479
,1987,,,0.14219945039153253,1.6622260449583701,,,0,,,,,,,0.9984049194421475,1.2412011421345277,1.106340318194671,-1.0077000131471365
,1987,,,0.14219945039153253,1.6622260449583701,,,0,,,,,,,-0.9867087601428837,1.306602614073585,-0.8736615058978175,-1.1341584843313302
,1987,,,0.14219945039153253,1.6622260449583701,,,0,,,,,,,0.7555544763273387,1.2492020826368777,0.8641152379415813,-1.0231704096682679
,1987,,,0.14219945039153253,1.6622260449583701,,,0,,,,,,,-0.17772899054495403,1.2799500005508753,-0.06676493572624992,-1.0826237304608712
,1987,,,0.14219945039153253,1.6622260449583701,,,0,,,,,,,0.053815251468080305,1.2723215536753132,0.1641830579623316,-1.0678735772794212
,1987,,,0.14219945039153253,1.6622260449583701,,,0,,,,,,,0.9255929602031727,1.2436000018864746,1.0337158566378624,-1.0123383817927103
,1987,,,0.14219945039153253,1.6622260449583701,,,0,,,,,,,0.5013659490082076,1.2575765671853734,0.6105812701234402,-1.039363080590801
,1987,,,0.14219945039153253,1.6622260449583701,,,0,,,,,,,1.0225826818654116,1.2404045825888774,1.1304558205927728,-1.0061598077150025
,1987,,,0.14219945039153253,1.6622260449583701,,,0,,,,,,,-1.4226378822837422,1.3209647166283731,-1.3084680693155704,-1.1619286472683585
,1987,,,0.14219945039153253,1.6622260449583701,,,0,,,,,,,0.3492889987385165,1.2625868880037356,0.45889593238532345,-1.0490508978837028
,1987,,,0.14219945039153253,1.6622260449583701,,,0,,,,,,,-0.18225040701208206,1.2800989629479615,-0.0712747091183041,-1.0829117600180198
,1987,,,0.14219945039153253,1.6622260449583701,,,0,,,,,,,-0.7140139499619911,1.297618422306945,-0.6016689106467532,-1.1167869004517872
,1987,,,0.14219945039153253,1.6622260449583701,,,0,,,,,,,-0.9184778610877282,1.3043546817381102,-0.8056063078615423,-1.129811944749858
,1987,,,0.14219945039153253,1.6622260449583701,,,0,,,,,,,0.624690642575475,1.2535135170091143,0.7335883909397558,-1.0315068795237488
,1987,,,0.14219945039153253,1.6622260449583701,,,0,,,,,,,1.150609021151049,1.236186632190188,1.258152479945015,-0.998004095876497
,1987,,,0.14219945039153253,1.6622260449583701,,,0,,,,,,,0.8686444977775196,1.2454762235384669,0.9769140418895873,-1.0159661919119494
,1987,,,0.14219945039153253,1.6622260449583701,,,0,,,,,,,-0.2942941214806122,1.2837903504604857,-0.18302990042410502,-1.0900493244724898
,1987,,,0.14219945039153253,1.6622260449583701,,,0,,,,,,,-1.1113676381930957,1.310709620235801,-0.9979993755458365,-1.1420996774730054
,1987,,,0.14219945039153253,1.6622260449583701,,,0,,,,,,,1.437363332491439,1.2267392366886605,1.5441683718102333,-0.9797368741095489
,1987,,,0.14219945039153253,1.6622260449583701,,,0,,,,,,,-1.0579317129364112,1.3089491224858973,-0.9447010528510765,-1.1386956278793894
,1987,,,0.14219945039153253,1.6622260449583701,,,0,,,,,,,-0.17230074281854488,1.2797711617291956,-0.06135066625118249,-1.0822779326782304
,1987,,,0.14219945039153253,1.6622260449583701,,,0,,,,,,,0.5146258244210709,1.2571397078867608,0.6238070001028924,-1.0385183815742922
,1987,,,0.14219945039153253,1.6622260449583701,,,0,,,,,,,-0.997682696683899,1.306964160926105,-0.8846071835142387,-1.1348575612920708
,1987,,,0.14219945039153253,1.6622260449583701,,,0,,,,,,,-0.11336245960708906,1.2778293835251404,-0.0025641546938409525,-1.0785233642291834
,1987,,,0.14219945039153253,1.6622260449583701,,,0,,,,,,,1.6661094670840317,1.2192029761426888,1.7723254634696477,-0.9651649698567305
,1987,,,0.14219945039153253,1.6622260449583701,,,0,,,,,,,-0.585827038328907,1.2933951816984384,-0.4738120924360472,-1.1086209596103882
,1989,,,1.2636992520408885,-0.4262828849600064,,,0,,,,,,,-0.9781006375400254,0.625305810429472,-1.0321983331963047,1.1308815142023692
,1989,,,1.2636992520408885,-0.4262828849600064,,,0,,,,,,,1.4727251365231915,0.5445610073794924,1.412316332680388,1.2870074246296448
,1989,,,1.2636992520408885,-0.4262828849600064,,,0,,,,,,,0.6836987650727012,0.5705562370846157,0.6253217787686816,1.2367437698658035
,1989,,,1.2636992520408885,-0.4262828849600064,,,0,,,,,,,-0.9619213650533486,0.6247727687974417,-1.0160607238666435,1.1319121887096173
,1989,,,1.2636992520408885,-0.4262828849600064,,,0,,,,,,,-1.4757300397341233,0.6417006878202975,-1.5285462926100635,1.099180834253942
,1989,,,1.2636992520408885,-0.4262828849600064,,,0,,,,,,,-1.4652960633567198,0.6413569304726567,-1.518139184708759,1.0998455139217251
,1989,,,1.2636992520408885,-0.4262828849600064,,,0,,,,,,,-1.7003650080445887,0.6491015020545529,-1.7526028046293936,1.0848708252306858
,1989,,,1.2636992520408885,-0.4262828849600064,,,0,,,,,,,0.6218226168698167,0.5725948060653271,0.5636049675001505,1.2328020494570564
,1989,,,1.2636992520408885,-0.4262828849600064,,,0,,,,,,,-1.6095291449103368,0.6461088275216381,-1.6620008524346803,1.0906573776577766
,1989,,,1.2636992520408885,-0.4262828849600064,,,0,,,,,,,1.5706634631270862,0.5413343353833165,1.5100024588295031,1.2932464280580307
,1989,,,1.2636992520408885,-0.4262828849600064,,,0,,,,,,,1.7093652503580383,0.5367646721248484,1.6483470758388334,1.3020822021218155
,1989,,,1.2636992520408885,-0.4262828849600064,,,0,,,,,,,0.8900458926473459,0.563757933283395,0.8311375429718928,1.2498887814360196
,1989,,,1.2636992520408885,-0.4262828849600064,,,0,,,,,,,-1.5183922566316659,0.6431062354269544,-1.571098650263768,1.0964631064070816
,1989,,,1.2636992520408885,-0.4262828849600064,,,0,,,,,,,-0.5632356454627034,0.6116376858193419,-0.6184016577147644,1.1573098206441985
,1989,,,1.2636992520408885,-0.4262828849600064,,,0,,,,,,,-1.4144467986611686,0.6396816527329945,-1.467420861679521,1.10308478446848
,1989,,,1.2636992520408885,-0.4262828849600064,,,0,,,,,,,-1.2815601909219094,0.635303576133899,-1.3348764495246472,1.1115501118844258
,1989,,,1.2636992520408885,-0.4262828849600064,,,0,,,,,,,1.3059561769619359,0.5500553705191042,1.2459768189643181,1.2763836765370402
,1989,,,1.2636992520408885,-0.4262828849600064,,,0,,,,,,,-1.6903026212580354,0.6487699870819704,-1.742566329440595,1.0855118333817944
,1989,,,1.2636992520408885,-0.4262828849600064,,,0,,,,,,,1.6003113444693162,0.5403575575294347,1.539573994072948,1.2951350986097205
,1989,,,1.2636992520408885,-0.4262828849600064,,,0,,,,,,,1.642114543178137,0.538980311099956,1.5812695455910193,1.2977981040857756
,1989,,,1.2636992520408885,-0.4262828849600064,,,0,,,,,,,-1.612495832200668,0.6462065678765437,-1.6649599002246263,1.0904683896199252
,1989,,,1.2636992520408885,-0.4262828849600064,,,0,,,,,,,0.004085290390199102,0.5929467540867172,-0.05254162693334388,1.1934500875500924
,1989,,,1.2636992520408885,-0.4262828849600064,,,0,,,,,,,0.06457567492827619,0.5909538404175227,0.0077929891428929615,1.1973035301154715
,1989,,,1.2636992520408885,-0.4262828849600064,,,0,,,,,,,1.1249740009597322,0.5560180016908123,1.0654606891840328,1.264854498372487
,1989,,,1.2636992520408885,-0.4262828849600064,,,0,,,,,,,0.21914972333687008,0.5858612503087213,0.16196899475600968,1.2071504210253101
,1989,,,1.2636992520408885,-0.4262828849600064,,,0,,,,,,,-0.9149723953472038,0.6232259900127396,-0.9692326521982935,1.1349029972430373
,1989,,,1.2636992520408885,-0.4262828849600064,,,0,,,,,,,1.548521402440584,0.54206382678502,1.4879174160436384,1.291835903727823
,1989,,,1.2636992520408885,-0.4262828849600064,,,0,,,,,,,-0.9313870251766988,0.6237667857179044,-0.9856050128033532,1.1338573296751597
,1989,,,1.2636992520408885,-0.4262828849600064,,,0,,,,,,,0.9151841232410891,0.5629297301937272,0.8562110402440862,1.2514901719467257
,1989,,,1.2636992520408885,-0.4262828849600064,,,0,,,,,,,-0.10939333630329229,0.5966854161571576,-0.16572803542940157,1.1862211143223522
,1989,,,1.2636992520408885,-0.4262828849600064,,,0,,,,,,,-1.0091522104830641,0.6263288342478974,-1.063169945401914,1.1289034237370101
,1989,,,1.2636992520408885,-0.4262828849600064,,,0,,,,,,,1.235525532238814,0.5523757755829956,1.1757275398132405,1.2718970056990935
,1989,,,1.2636992520408885,-0.4262828849600064,,,0,,,,,,,-0.8643176315507695,0.6215571202915332,-0.9187083292099596,1.138129877423135
,1990,,,-0.8235221139267409,-0.6912008375416493,,,0,,,,,,,1.4599307428642543,-1.1186863255393458,1.426843970937838,-0.0014938388256763584
,1990,,,-0.8235221139267409,-0.6912008375416493,,,0,,,,,,,0.6253818593894804,-1.0911913130644146,0.5944441297761863,-0.05465743193272544
,1990,,,-0.8235221139267409,-0.6912008375416493,,,0,,,,,,,1.0431194762914588,-1.1049540790514056,1.011106032801744,-0.028046129550992126
,1990,,,-0.8235221139267409,-0.6912008375416493,,,0,,,,,,,-0.1884877543049979,-1.064377598943409,-0.21732969268086155,-0.10650368544934447
,1990,,,-0.8235221139267409,-0.6912008375416493,,,0,,,,,,,0.4598162738747768,-1.0857365962356147,0.4293048913046738,-0.06520452101896962
,1990,,,-0.8235221139267409,-0.6912008375416493,,,0,,,,,,,-0.34550231849403423,-1.0592046037041745,-0.37393992951544297,-0.11650604548806458
,1990,,,-0.8235221139267409,-0.6912008375416493,,,0,,,,,,,1.6733402311948624,-1.1257173055815066,1.6397039096500525,0.012101069067019824
,1990,,,-0.8235221139267409,-0.6912008375416493,,,0,,,,,,,-0.515965879466247,-1.0535885183816018,-0.5439645306943726,-0.12736515221572853
,1990,,,-0.8235221139267409,-0.6912008375416493,,,0,,,,,,,-1.2697800496292002,-1.0287533883816504,-1.2958375580675037,-0.17538567038359265
,1990,,,-0.8235221139267409,-0.6912008375416493,,,0,,,,,,,1.2590564989880686,-1.1120683311346657,1.2264869972398937,-0.014290209150510044
,1990,,,-0.8235221139267409,-0.6912008375416493,,,0,,,,,,,1.3437216493621134,-1.1148577056240712,1.3109341268434318,-0.008896752045766464
,1990,,,-0.8235221139267409,-0.6912008375416493,,,0,,,,,,,-0.8100794179206603,-1.043898666092566,-0.837320698967702,-0.14610118169858086
,1990,,,-0.8235221139267409,-0.6912008375416493,,,0,,,,,,,-0.12209174466209116,-1.0665650790893488,-0.15110465904304032,-0.10227403454394737
,1990,,,-0.8235221139267409,-0.6912008375416493,,,0,,,,,,,1.1635519367624398,-1.1089218418375102,1.1312283682955662,-0.020374173537221315
,1990,,,-0.8235221139267409,-0.6912008375416493,,,0,,,,,,,-0.2431446107095381,-1.062576876447171,-0.2718458025102862,-0.109985512496195
,1990,,,-0.8235221139267409,-0.6912008375416493,,,0,,,,,,,0.03769191418804594,-1.0718293048050225,0.00826754177196684,-0.0920952737877226
,1990,,,-0.8235221139267409,-0.6912008375416493,,,0,,,,,,,0.3465805865634601,-1.082005938035859,0.3163607965989026,-0.07241801818446891
,1990,,,-0.8235221139267409,-0.6912008375416493,,,0,,,,,,,0.21225333514123554,-1.0775803980504726,0.18237945055481458,-0.0809751194869899
,1990,,,-0.8235221139267409,-0.6912008375416493,,,0,,,,,,,-0.5522444407237931,-1.052393286425631,-0.5801496712251698,-0.12967621955689482
,1990,,,-0.8235221139267409,-0.6912008375416493,,,0,,,,,,,1.4937642931188997,-1.1198010042654731,1.4605903966003353,0.0006614730256985353
,1990,,,-0.8235221139267409,-0.6912008375416493,,,0,,,,,,,1.3462895237803776,-1.1149423067068385,1.3134953887421794,-0.008733169739893394
,1990,,,-0.8235221139267409,-0.6912008375416493,,,0,,,,,,,0.21564656959849907,-1.0776921914104305,0.18576394711239194,-0.08075895894855425
,1990,,,-0.8235221139267409,-0.6912008375416493,,,0,,,,,,,-0.7513981396190735,-1.0458319770236515,-0.7787905305082772,-0.14236298533357264
,1990,,,-0.8235221139267409,-0.6912008375416493,,,0,,,,,,,-1.447482677979979,-1.0228988050491685,-1.4730825853417717,-0.18670593024465512
,1990,,,-0.8235221139267409,-0.6912008375416493,,,0,,,,,,,-1.5753373013122058,-1.0186865119970703,-1.6006079709254257,-0.1948507031947887
,1990,,,-0.8235221139267409,-0.6912008375416493,,,0,,,,,,,-1.2000473846940127,-1.0310507978327543,-1.2262844613403863,-0.1709434632243801
,1990,,,-0.8235221139267409,-0.6912008375416493,,,0,,,,,,,1.1065910934559207,-1.1070452122855365,1.0744142045483642,-0.02400277236054441
,1990,,,-0.8235221139267409,-0.6912008375416493,,,0,,,,,,,1.2387414148263944,-1.1113990312248403,1.206224226341496,-0.01558434888239712
,1990,,,-0.8235221139267409,-0.6912008375416493,,,0,,,,,,,1.3388422802236208,-1.1146969501333033,1.306067322542,-0.009207584401587057
,1990,,,-0.8235221139267409,-0.6912008375416493,,,0,,,,,,,-1.2591539683057007,-1.0291034748107792,-1.2852388399085102,-0.1747087529794823
,1990,,,-0.8235221139267409,-0.6912008375416493,,,0,,,,,,,0.9579081322541119,-1.102146709688502,0.9261141160352501,-0.0334743810437559
,1990,,,-0.8235221139267409,-0.6912008375416493,,,0,,,,,,,-0.9499892772626731,-1.03928920174105,-0.9768702771881381,-0.1550139140513623
,1990,,,-0.8235221139267409,-0.6912008375416493,,,0,,,,,,,0.37596757611384896,-1.0829741205597208,0.3456721118715474,-0.07054596732437667
,1991,,,-0.8732055384575845,-0.7452977184860579,,,0,,,,,,,0.23253395755121667,-1.151589150571638,0.19999132762875843,-0.076645548774438
,1991,,,-0.8732055384575845,-0.7452977184860579,,,0,,,,,,,-1.3433530871976005,-1.0996700421617818,-1.3718376589200822,-0.17703489598782815
,1991,,,-0.8732055384575845,-0.7452977184860579,,,0,,,,,,,0.09088100795351602,-1.1469222584417447,0.05870314777491809,-0.08566932188581036
,1991,,,-0.8732055384575845,-0.7452977184860579,,,0,,,,,,,-0.5800303673249352,-1.124818440441236,-0.6104805672521346,-0.12840865096823004
,1991,,,-0.8732055384575845,-0.7452977184860579,,,0,,,,,,,0.9566573489655428,-1.1754460894215575,0.9222500328169266,-0.030516433868478944
,1991,,,-0.8732055384575845,-0.7452977184860579,,,0,,,,,,,0.19906297867323944,-1.150486417106863,0.16660653968733952,-0.07877776359995481
,1991,,,-0.8732055384575845,-0.7452977184860579,,,0,,,,,,,1.435465000395601,-1.1912208662019759,1.3998247092551719,-1.4763251914216806e-05
,1991,,,-0.8732055384575845,-0.7452977184860579,,,0,,,,,,,-0.6335090325468766,-1.1230565345822314,-0.6638215198526982,-0.13181542324252707
,1991,,,-0.8732055384575845,-0.7452977184860579,,,0,,,,,,,0.537980290780595,-1.161652372641502,0.5046511076585628,-0.05718758184476605
,1991,,,-0.8732055384575845,-0.7452977184860579,,,0,,,,,,,-0.5595040921336866,-1.1254946982418543,-0.5900071491610395,-0.1271010576517939
,1991,,,-0.8732055384575845,-0.7452977184860579,,,0,,,,,,,-1.3387545104586298,-1.0998215466779446,-1.3672509239511839,-0.17674195105978
,1991,,,-0.8732055384575845,-0.7452977184860579,,,0,,,,,,,-0.8454152934315332,-1.1160750798083892,-0.8751821020718218,-0.14531457045077875
,1991,,,-0.8732055384575845,-0.7452977184860579,,,0,,,,,,,-0.5500074325431626,-1.1258075747899896,-0.5805349443672296,-0.12649608824096126
,1991,,,-0.8732055384575845,-0.7452977184860579,,,0,,,,,,,0.8583420638311607,-1.1722069981654635,0.8241879188411959,-0.03677945083319553
,1991,,,-0.8732055384575845,-0.7452977184860579,,,0,,,,,,,0.045814287791097204,-1.1454374921714805,0.013752478679681133,-0.08854022474222344
,1991,,,-0.8732055384575845,-0.7452977184860579,,,0,,,,,,,-0.8263390588151636,-1.1167035646331103,-0.856154990563969,-0.14409934963478935
,1991,,,-0.8732055384575845,-0.7452977184860579,,,0,,,,,,,1.4486957589070548,-1.191656766216377,1.4130213973119898,0.0008280809192646591
,1991,,,-0.8732055384575845,-0.7452977184860579,,,0,,,,,,,0.24958038445401645,-1.1521507614366528,0.21699385836989882,-0.07555963359111621
,1991,,,-0.8732055384575845,-0.7452977184860579,,,0,,,,,,,-1.2214662519607908,-1.1036857207178568,-1.2502646938130195,-0.16927029137095365
,1991,,,-0.8732055384575845,-0.7452977184860579,,,0,,,,,,,1.4901087485900566,-1.1930211568356748,1.4543277446293925,0.0034662287575153807
,1991,,,-0.8732055384575845,-0.7452977184860579,,,0,,,,,,,0.26164338859756014,-1.1525481886646791,0.2290257991367594,-0.07479117933201301
,1991,,,-0.8732055384575845,-0.7452977184860579,,,0,,,,,,,1.1171361166919132,-1.180733216165082,1.0823155525370618,-0.020293392320328237
,1991,,,-0.8732055384575845,-0.7452977184860579,,,0,,,,,,,-1.3130298849903304,-1.1006690691085286,-1.3415925418267018,-0.17510320520760939
,1991,,,-0.8732055384575845,-0.7452977184860579,,,0,,,,,,,1.6428522337458769,-1.1980534372844098,1.6066779008632606,0.013196506582303912
,1991,,,-0.8732055384575845,-0.7452977184860579,,,0,,,,,,,0.1339695846162473,-1.148341852879324,0.10168076727708754,-0.08292443347649217
,1991,,,-0.8732055384575845,-0.7452977184860579,,,0,,,,,,,1.1762817587799388,-1.1826818260059786,1.1413088890022522,-0.016525614407869982
,1991,,,-0.8732055384575845,-0.7452977184860579,,,0,,,,,,,1.5802126252510382,-1.195989715372975,1.5441995952852414,0.009206151164729242
,1991,,,-0.8732055384575845,-0.7452977184860579,,,0,,,,,,,-1.3196797276626338,-1.1004499836710526,-1.34822526052513,-0.17552682272967024
,1991,,,-0.8732055384575845,-0.7452977184860579,,,0,,,,,,,-1.0952598671219285,-1.1078437109737571,-1.1243833023527063,-0.16123051680059114
,1991,,,-0.8732055384575845,-0.7452977184860579,,,0,,,,,,,1.318885487054679,-1.1873800424502454,1.2835453991881067,-0.007441273471506321
,1991,,,-0.8732055384575845,-0.7452977184860579,,,0,,,,,,,1.202648676851778,-1.1835505093817111,1.1676079097660668,-0.01484595233939808
,1991,,,-0.8732055384575845,-0.7452977184860579,,,0,,,,,,,-1.4081158876454027,-1.0975363696574107,-1.4364336890309581,-0.1811605059307046
,1991,,,-0.8732055384575845,-0.7452977184860579,,,0,,,,,,,-0.7509609157433694,-1.1191869697698673,-0.7809709533404404,-0.13929750637936675
,1992,,,-0.8685477174078179,-0.6095506827566949,,,1,,,,,,,-0.22364277512562478,-1.0374304588582248,-0.24583485212686113,-0.1981073740231596
,1992,,,-0.8685477174078179,-0.6095506827566949,,,1,,,,,,,1.100110424876161,-1.081042776205336,1.0745095581739668,-0.11377980748681736
,1992,,,-0.8685477174078179,-0.6095506827566949,,,1,,,,,,,1.685354818687666,-1.1003242134313163,1.6582468923144051,-0.07649775554609732
,1992,,,-0.8685477174078179,-0.6095506827566949,,,1,,,,,,,0.40293202443859427,-1.058073565896803,0.3791264580621244,-0.15819243512051845
,1992,,,-0.8685477174078179,-0.6095506827566949,,,1,,,,,,,0.017306497151551612,-1.045368763465982,-0.005506047016669189,-0.18275808852960276
,1992,,,-0.8685477174078179,-0.6095506827566949,,,1,,,,,,,0.4562819375859882,-1.0598312298953654,0.43233899013691085,-0.15479386478985646
,1992,,,-0.8685477174078179,-0.6095506827566949,,,1,,,,,,,0.6881390887861984,-1.06746998586387,0.663599087241914,-0.14002377823238024
,1992,,,-0.8685477174078179,-0.6095506827566949,,,1,,,,,,,1.6235448531121943,-1.098287824900669,1.5965960932467613,-0.08043525989711046
,1992,,,-0.8685477174078179,-0.6095506827566949,,,1,,,,,,,1.373588138955114,-1.09005276149093,1.3472830412715007,-0.09635834997482151
,1992,,,-0.8685477174078179,-0.6095506827566949,,,1,,,,,,,0.8997577500371544,-1.0744419653922557,0.874672810423597,-0.12654295209579558
,1992,,,-0.8685477174078179,-0.6095506827566949,,,1,,,,,,,-0.049376166775726656,-1.043171839220025,-0.0720169967769657,-0.18700600028470976
,1992,,,-0.8685477174078179,-0.6095506827566949,,,1,,,,,,,-0.504068102314074,-1.0281915778028334,-0.5255380575729746,-0.21597141804354614
,1992,,,-0.8685477174078179,-0.6095506827566949,,,1,,,,,,,0.1608192739198933,-1.0500969293837512,0.13763717077693075,-0.17361583812240355
,1992,,,-0.8685477174078179,-0.6095506827566949,,,1,,,,,,,0.9863948967402048,-1.0772963091899188,0.9610868582790666,-0.12102387213956926
,1992,,,-0.8685477174078179,-0.6095506827566949,,,1,,,,,,,-0.435744903401609,-1.0304425510455317,-0.4573907973602529,-0.2116189986482549
,1992,,,-0.8685477174078179,-0.6095506827566949,,,1,,,,,,,1.5894253953804713,-1.0971637266788061,1.5625644963459833,-0.08260878502403889
,1992,,,-0.8685477174078179,-0.6095506827566949,,,1,,,,,,,-0.7579075354645357,-1.0198285944961614,-0.7787238301729508,-0.23214185048406005
,1992,,,-0.8685477174078179,-0.6095506827566949,,,1,,,,,,,-1.5907431613502179,-0.9923900269338263,-1.609414825545856,-0.28519630327451706
,1992,,,-0.8685477174078179,-0.6095506827566949,,,1,,,,,,,0.09230430420995543,-1.0478396380684112,0.06929863359467882,-0.1779804739676219
,1992,,,-0.8685477174078179,-0.6095506827566949,,,1,,,,,,,-0.7563424622019091,-1.0198801573341594,-0.7771627871220124,-0.23204215001142797
,1992,,,-0.8685477174078179,-0.6095506827566949,,,1,,,,,,,0.3721121107721877,-1.0570581743151788,0.34838590858859786,-0.16015576810460092
,1992,,,-0.8685477174078179,-0.6095506827566949,,,1,,,,,,,-0.17283708432365405,-1.0391043010142187,-0.1951599907843059,-0.19487087928114707
,1992,,,-0.8685477174078179,-0.6095506827566949,,,1,,,,,,,-1.559279855360513,-0.9934266156919198,-1.5780325405451208,-0.28319198401825646
,1992,,,-0.8685477174078179,-0.6095506827566949,,,1,,,,,,,0.9724043904377857,-1.0768353785566958,0.947132378853708,-0.12191511482067686
,1992,,,-0.8685477174078179,-0.6095506827566949,,,1,,,,,,,0.2751784992844756,-1.053864603621036,0.25170191031920736,-0.16633076777397052
,1992,,,-0.8685477174078179,-0.6095506827566949,,,1,,,,,,,-0.4600438847021301,-1.029641997827841,-0.4816272064855371,-0.2131669261338181
,1992,,,-0.8685477174078179,-0.6095506827566949,,,1,,,,,,,0.7218923562452204,-1.0685820195963835,0.6972654368445803,-0.13787358066725572
,1992,,,-0.8685477174078179,-0.6095506827566949,,,1,,,,,,,-0.5181878067899023,-1.027726390612014,-0.5396214024742254,-0.2168708910862986
,1992,,,-0.8685477174078179,-0.6095506827566949,,,1,,,,,,,-0.7029585148759039,-1.0216389426213415,-0.7239163085098437,-0.22864141158820814
,1992,,,-0.8685477174078179,-0.6095506827566949,,,1,,,,,,,0.05993705559187985,-1.0467732680544368,0.03701473370334284,-0.18004237743379325
,1992,,,-0.8685477174078179,-0.6095506827566949,,,1,,,,,,,1.5375262671409868,-1.095453860178906,1.5107990132707418,-0.08591493543771675
,1992,,,-0.8685477174078179,-0.6095506827566949,,,1,,,,,,,-0.5043856158406077,-1.0281811170155197,-0.5258547534721446,-0.21599164473159868
,1992,,,-0.8685477174078179,-0.6095506827566949,,,1,,,,,,,-0.7342730956714563,-1.02060725375725,-0.7551502512978691,-0.23063625654540335
,1993,,,1.7900330306645136,1.499483709111365,,,0,,,,,,,1.4830034737010398,2.2761332856974836,1.542730990361502,0.3019392403910226
,1993,,,1.7900330306645136,1.499483709111365,,,0,,,,,,,-1.5399224612032805,2.3757264766258848,-1.472410624328411,0.10936861022390784
,1993,,,1.7900330306645136,1.499483709111365,,,0,,,,,,,1.5858442602966543,2.272745097460259,1.645306952204145,0.30849054714086066
,1993,,,1.7900330306645136,1.499483709111365,,,0,,,,,,,0.5665685024555142,2.3063261137819757,0.6286559258505363,0.2435592258884449
,1993,,,1.7900330306645136,1.499483709111365,,,0,,,,,,,0.163419444229285,2.3196082457273626,0.22654501458223752,0.21787726415147596
,1993,,,1.7900330306645136,1.499483709111365,,,0,,,,,,,1.2071107041912623,2.285222837297901,1.2675486708293129,0.28436393566072987
,1993,,,1.7900330306645136,1.499483709111365,,,0,,,,,,,0.9051523095061111,2.2951711458909343,0.9663678475720677,0.26512816224089236
,1993,,,1.7900330306645136,1.499483709111365,,,0,,,,,,,1.4542512292422787,2.2770805559362075,1.5140527856518349,0.30010762494513576
,1993,,,1.7900330306645136,1.499483709111365,,,0,,,,,,,-1.6214612848464425,2.378412851286079,-1.5537394777881108,0.10417431073057741
,1993,,,1.7900330306645136,1.499483709111365,,,0,,,,,,,-0.04222271778151531,2.326383323762716,0.02143240058986253,0.20477716127760215
,1993,,,1.7900330306645136,1.499483709111365,,,0,,,,,,,-1.643970662528,2.379154444298079,-1.576190891693025,0.10274038706253216
,1993,,,1.7900330306645136,1.499483709111365,,,0,,,,,,,1.3635120070188078,2.2800700465417334,1.4235472255084163,0.29432722887168694
,1993,,,1.7900330306645136,1.499483709111365,,,0,,,,,,,-1.4054946940196331,2.371297625052443,-1.3383290213604935,0.11793211472119303
,1993,,,1.7900330306645136,1.499483709111365,,,0,,,,,,,0.6469378159422359,2.303678269754292,0.7088182807530702,0.2486790236200179
,1993,,,1.7900330306645136,1.499483709111365,,,0,,,,,,,1.5784261902811763,2.272989492883528,1.6379079844206161,0.3080179909326486
,1993,,,1.7900330306645136,1.499483709111365,,,0,,,,,,,0.4100328470443421,2.3114833309127225,0.47252336455841726,0.23358737396243803
,1993,,,1.7900330306645136,1.499483709111365,,,0,,,,,,,1.3210659595589729,2.2814684722391716,1.3812104806356702,0.2916232717508511
,1993,,,1.7900330306645136,1.499483709111365,,,0,,,,,,,0.01871235208666958,2.324375759509307,0.08221055688942033,0.2086589318060504
,1993,,,1.7900330306645136,1.499483709111365,,,0,,,,,,,-0.9008969468787187,2.3546731688615776,-0.8350306611472766,0.1500767018663319
,1993,,,1.7900330306645136,1.499483709111365,,,0,,,,,,,-0.750671920703574,2.349723861456678,-0.6851924786239935,0.15964654531614655
,1993,,,1.7900330306645136,1.499483709111365,,,0,,,,,,,0.014747497277769661,2.3245063854493693,0.07825591195668037,0.2084063571133479
,1993,,,1.7900330306645136,1.499483709111365,,,0,,,,,,,0.9530875374751179,2.2935918738829137,1.0141796377949646,0.26818179876920123
,1993,,,1.7900330306645136,1.499483709111365,,,0,,,,,,,0.8980140677350587,2.2954063221046113,0.9592479874487666,0.2646734320405045
,1993,,,1.7900330306645136,1.499483709111365,,,0,,,,,,,-1.2188171491906052,2.3651473544984967,-1.1521321888668257,0.12982410718805892
,1993,,,1.7900330306645136,1.499483709111365,,,0,,,,,,,1.3233255690999786,2.2813940272381075,1.3834642714683762,0.29176721653898463
,1993,,,1.7900330306645136,1.499483709111365,,,0,,,,,,,-1.378314512587817,2.3704021479361987,-1.3112188314667788,0.11966358442276447
,1993,,,1.7900330306645136,1.499483709111365,,,0,,,,,,,-1.6742148358443047,2.380150867562302,-1.6063571834023092,0.10081373069058615
,1993,,,1.7900330306645136,1.499483709111365,,,0,,,,,,,-0.8114891314315026,2.351727542727801,-0.7458530792817292,0.1557722828144905
,1993,,,1.7900330306645136,1.499483709111365,,,0,,,,,,,-0.6757459994856901,2.3472553552021327,-0.6104594987403265,0.16441958050638392
,1993,,,1.7900330306645136,1.499483709111365,,,0,,,,,,,0.8187106027215907,2.298019050733247,0.8801487363588516,0.25962153247004327
,1993,,,1.7900330306645136,1.499483709111365,,,0,,,,,,,-0.5257324647481515,2.3423130155852565,-0.46083226304419295,0.17397595123463946
,1993,,,1.7900330306645136,1.499483709111365,,,0,,,,,,,-0.6897654645895382,2.3477172399108115,-0.6244428623954613,0.16352649305145117
,1993,,,1.7900330306645136,1.499483709111365,,,0,,,,,,,1.5472496926323975,2.2740166324660636,1.6068117692022006,0.30603194234002273
,1995,,,0.10493688199339979,2.6501052362712914,,,0,,,,,,,0.889906875785485,1.915833372266591,1.0664452140058711,-1.7373200209860282
,1995,,,0.10493688199339979,2.6501052362712914,,,0,,,,,,,0.9190167163194626,1.9148743206825873,1.0954800939470368,-1.7354656254578527
,1995,,,0.10493688199339979,2.6501052362712914,,,0,,,,,,,-0.5809565848718091,1.964292378084571,-0.40063063411443556,-1.8310190098491224
,1995,,,0.10493688199339979,2.6501052362712914,,,0,,,,,,,1.3204690407106139,1.901648089258891,1.4958986406303736,-1.7098917514183274
,1995,,,0.10493688199339979,2.6501052362712914,,,0,,,,,,,-0.9909395310576025,1.9777996590157403,-0.8095578354344,-1.8571363134168881
,1995,,,0.10493688199339979,2.6501052362712914,,,0,,,,,,,0.4442863209297553,1.9305147683566912,0.6219721742291799,-1.7657075610422166
,1995,,,0.10493688199339979,2.6501052362712914,,,0,,,,,,,-1.4453728686519711,1.9927714006759272,-1.2628209642005963,-1.8860852576100122
,1995,,,0.10493688199339979,2.6501052362712914,,,0,,,,,,,0.9892295330353936,1.9125610921710752,1.165512106018646,-1.7309928310024294
,1995,,,0.10493688199339979,2.6501052362712914,,,0,,,,,,,1.6540825272495958,1.890656873338737,1.8286530408857393,-1.6886394413325054
,1995,,,0.10493688199339979,2.6501052362712914,,,0,,,,,,,1.2597420027525863,1.9036487997017228,1.4353279805391272,-1.7137602696088434
,1995,,,0.10493688199339979,2.6501052362712914,,,0,,,,,,,-0.940996684037383,1.976154244074752,-0.7597435959692435,-1.8539547847489264
,1995,,,0.10493688199339979,2.6501052362712914,,,0,,,,,,,-0.08337285311723944,1.9478990053501286,0.09567177246549673,-1.7993212392625217
,1995,,,0.10493688199339979,2.6501052362712914,,,0,,,,,,,0.3646616203785885,1.9331380803978644,0.5425525148134607,-1.7707799244054596
,1995,,,0.10493688199339979,2.6501052362712914,,,0,,,,,,,0.1754427422873988,1.9393720776107635,0.35382089323116045,-1.782833808416577
,1995,,,0.10493688199339979,2.6501052362712914,,,0,,,,,,,-1.4815877995019155,1.9939645362671607,-1.2989426381781102,-1.8883922714784989
,1995,,,0.10493688199339979,2.6501052362712914,,,0,,,,,,,-0.6585295064366076,1.966848092301407,-0.4780037980687497,-1.835960667935135
,1995,,,0.10493688199339979,2.6501052362712914,,,0,,,,,,,0.06151447067141174,1.9431255536639414,0.24018599769081342,-1.790091425550235
,1995,,,0.10493688199339979,2.6501052362712914,,,0,,,,,,,-0.8170869107534766,1.9720719178867139,-0.6361529020719007,-1.8460613121204275
,1995,,,0.10493688199339979,2.6501052362712914,,,0,,,,,,,1.258767528823799,1.9036809046788656,1.4343560159728799,-1.713822346901701
,1995,,,0.10493688199339979,2.6501052362712914,,,0,,,,,,,-1.1067632844107484,1.9816155835306453,-0.9250833316671432,-1.8645146791631337
,1995,,,0.10493688199339979,2.6501052362712914,,,0,,,,,,,-0.37861027878597026,1.9576258851801387,-0.1988053889062673,-1.8181288641710505
,1995,,,0.10493688199339979,2.6501052362712914,,,0,,,,,,,-1.583697323296115,1.9973286323508332,-1.4007892202902203,-1.8948969943088105
,1995,,,0.10493688199339979,2.6501052362712914,,,0,,,,,,,0.6739639465399154,1.9229478189467653,0.8510583582286839,-1.751076317653703
,1995,,,0.10493688199339979,2.6501052362712914,,,0,,,,,,,-1.5374277208504235,1.9958042359713697,-1.3546387664473682,-1.891949463773025
,1995,,,0.10493688199339979,2.6501052362712914,,,0,,,,,,,0.9102522606627812,1.915163074070661,1.0867382075926824,-1.7360239509958326
,1995,,,0.10493688199339979,2.6501052362712914,,,0,,,,,,,-1.0047243120683331,1.978253811832141,-0.8233071193301553,-1.8580144506994796
,1995,,,0.10493688199339979,2.6501052362712914,,,0,,,,,,,-1.1148863489573773,1.9818832056741371,-0.9331854785542213,-1.8650321459130037
,1995,,,0.10493688199339979,2.6501052362712914,,,0,,,,,,,1.5276062375057342,1.894823755870305,1.7025024395510868,-1.6966964097603294
,1995,,,0.10493688199339979,2.6501052362712914,,,0,,,,,,,0.01152090142299265,1.9447726396973302,0.19032116661199264,-1.7932761853960881
,1995,,,0.10493688199339979,2.6501052362712914,,,0,,,,,,,0.7045073374503664,1.9219415376722484,0.8815230970185072,-1.7491306001066231
,1995,,,0.10493688199339979,2.6501052362712914,,,0,,,,,,,1.2135095602347916,1.9051719718117621,1.3892145909338425,-1.716705432931245
,1995,,,0.10493688199339979,2.6501052362712914,,,0,,,,,,,0.2934968035325192,1.9354826734656927,0.4715709541020962,-1.7753133644965775
,1995,,,0.10493688199339979,2.6501052362712914,,,0,,,,,,,-0.658324433651049,1.9668413359820243,-0.4777992533650113,-1.8359476041034715
